{
"type": "FeatureCollection",
"name": "state_countries_with_params",
"crs": { "type": "name", "properties": { "name": "urn:ogc:def:crs:OGC:1.3:CRS84" } },
"features": [
{ "type": "Feature", "properties": { "fid": 9, "FIPS": "AS", "ISO2": "AU", "ISO3": "AUS", "UN": 36, "NAME": "Australia", "AREA": 768230, "POP2005": 20310208, "REGION": "Oceania", "SUBREGION": "Australia and New Zealand", "LON": 136.189, "LAT": -24.973, "New South Wales_V2022": " [2001-2021](https://scholar.colorado.edu/concern/datasets/37720d85c)", "Northern Territory_V2022": " [2001-2021](https://scholar.colorado.edu/concern/datasets/bn9997900)", "Queensland_V2022": " [2001-2021](https://scholar.colorado.edu/concern/datasets/cr56n230n)", "Republic Of Serbia_V2022": null, "Somalia_V2022": null, "Somaliland_V2022": null, "South Australia_V2022": " [2001-2021](https://scholar.colorado.edu/concern/datasets/fn107015p)", "Tasmania_V2022": " [2001-2021](https://scholar.colorado.edu/concern/datasets/c534fq19w)", "Usa Alaska_V2022": null, "Usa Hawaii_V2022": null, "Usa Lower48_V2022": null, "Victoria_V2022": " [2001-2021](https://scholar.colorado.edu/concern/datasets/2r36tz74f)", "Western Australia_V2022": " [2001-2021](https://scholar.colorado.edu/concern/datasets/k35695559)", "Australia_V2024S1T5": " [Nov 2000 - July 2024](https://scholar.colorado.edu/concern/datasets/x059c9152) ", "Cyprus_V2024S1T5": null, "Kosovo_V2024S1T5": null, "New South Wales_V2024S1T5": " [Nov 2000 - July 2024](https://scholar.colorado.edu/concern/datasets/x059c9152) ", "Northern Cyprus_V2024S1T5": null, "Northern Territory_V2024S1T5": " [Nov 2000 - July 2024](https://scholar.colorado.edu/concern/datasets/x059c9152) ", "Queensland_V2024S1T5": " [Nov 2000 - July 2024](https://scholar.colorado.edu/concern/datasets/x059c9152) ", "Republic Of Serbia_V2024S1T5": null, "Somalia_V2024S1T5": null, "Somaliland_V2024S1T5": null, "South Australia_V2024S1T5": " [Nov 2000 - July 2024](https://scholar.colorado.edu/concern/datasets/x059c9152) ", "Tasmania_V2024S1T5": " [Nov 2000 - July 2024](https://scholar.colorado.edu/concern/datasets/x059c9152) ", "Usa Alaska_V2024S1T5": null, "Usa Hawaii_V2024S1T5": null, "Usa Lower48_V2024S1T5": null, "Victoria_V2024S1T5": " [Nov 2000 - July 2024](https://scholar.colorado.edu/concern/datasets/x059c9152) ", "Western Australia_V2024S1T5": " [Nov 2000 - July 2024](https://scholar.colorado.edu/concern/datasets/x059c9152) ", "Ashmore and Cartier Islands_f_file_name": "ashmore_and_cartier_islands_s3t8", "Australia_f_file_name": "australia_s3t8", "Cyprus_f_file_name": null, "Indian Ocean Territories_f_file_name": "indian_ocean_territories_s3t8", "Kosovo_f_file_name": null, "Northern Cyprus_f_file_name": null, "Republic Of Serbia_f_file_name": null, "Somalia_f_file_name": null, "Somaliland_f_file_name": null, "Usa Alaska_f_file_name": null, "Usa Hawaii_f_file_name": null, "Usa Lower48_f_file_name": null }, "geometry": { "type": "MultiPolygon", "coordinates": [ [ [ [ 158.882173538208008, -54.711387634277344 ], [ 158.833314895629883, -54.749725341796875 ], [ 158.957460403442383, -54.474716186523438 ], [ 158.882173538208008, -54.711387634277344 ] ] ], [ [ [ 147.362733840942383, -43.398056030273438 ], [ 147.123018264770508, -43.421943664550781 ], [ 147.291933059692383, -43.261947631835938 ], [ 147.362733840942383, -43.398056030273438 ] ] ], [ [ [ 147.429689407348633, -43.253616333007812 ], [ 147.291933059692383, -43.164443969726562 ], [ 147.359956741333008, -43.073616027832031 ], [ 147.429689407348633, -43.253616333007812 ] ] ], [ [ [ 148.170534133911133, -42.663887023925781 ], [ 148.014162063598633, -42.753059387207031 ], [ 148.021089553833008, -42.618057250976562 ], [ 148.170534133911133, -42.663887023925781 ] ] ], [ [ [ 148.333314895629883, -42.358894348144531 ], [ 148.231081008911133, -42.30194091796875 ], [ 148.319124221801758, -42.312774658203125 ], [ 148.333314895629883, -42.358894348144531 ] ] ], [ [ [ 145.107728958129883, -40.821670532226562 ], [ 146.586091995239258, -41.186660766601562 ], [ 148.223299026489258, -40.850837707519531 ], [ 148.365510940551758, -42.215003967285156 ], [ 148.183870315551758, -41.94305419921875 ], [ 147.843019485473633, -42.86944580078125 ], [ 147.995241165161133, -43.229721069335938 ], [ 147.317476272583008, -42.846664428710938 ], [ 146.916704177856445, -43.617843627929688 ], [ 146.038301467895508, -43.498054504394531 ], [ 146.236360549926758, -43.327224731445312 ], [ 145.496919631958008, -42.957778930664062 ], [ 145.205232620239258, -42.256950378417969 ], [ 145.551912307739258, -42.344161987304688 ], [ 144.682466506958008, -41.22332763671875 ], [ 144.701356887817383, -40.759170532226562 ], [ 145.107728958129883, -40.821670532226562 ] ] ], [ [ [ 144.926362991333008, -40.722496032714844 ], [ 144.924135208129883, -40.615280151367188 ], [ 145.016084671020508, -40.695549011230469 ], [ 144.926362991333008, -40.722496032714844 ] ] ], [ [ [ 148.200258255004883, -40.594161987304688 ], [ 148.097200393676758, -40.533889770507812 ], [ 148.215791702270508, -40.501943588256836 ], [ 148.200258255004883, -40.594161987304688 ] ] ], [ [ [ 144.755556106567383, -40.596664428710938 ], [ 144.717470169067383, -40.503890991210938 ], [ 144.779695510864258, -40.409439086914062 ], [ 144.755556106567383, -40.596664428710938 ] ] ], [ [ [ 144.941347122192383, -40.458892822265625 ], [ 144.832185745239258, -40.433609008789062 ], [ 144.949708938598633, -40.387222290039062 ], [ 144.941347122192383, -40.458892822265625 ] ] ], [ [ [ 148.354677200317383, -40.3155517578125 ], [ 148.475801467895508, -40.443885803222656 ], [ 147.993562698364258, -40.420555114746094 ], [ 148.354677200317383, -40.3155517578125 ] ] ], [ [ [ 148.177461624145508, -40.256950378417969 ], [ 147.881898880004883, -39.754173278808594 ], [ 148.279420852661133, -39.965835571289062 ], [ 148.177461624145508, -40.256950378417969 ] ] ], [ [ [ 143.957735061645508, -40.110000610351562 ], [ 143.973024368286133, -39.573333740234375 ], [ 144.147493362426758, -39.927223205566406 ], [ 143.957735061645508, -40.110000610351562 ] ] ], [ [ [ 147.353578567504883, -39.499443054199219 ], [ 147.307466506958008, -39.487503051757812 ], [ 147.344423294067383, -39.448051452636719 ], [ 147.353578567504883, -39.499443054199219 ] ] ], [ [ [ 147.299989700317383, -39.482215881347656 ], [ 147.285249710083008, -39.473884582519531 ], [ 147.315523147583008, -39.43194580078125 ], [ 147.299989700317383, -39.482215881347656 ] ] ], [ [ [ 146.655550003051758, -38.769721984863281 ], [ 146.544710159301758, -38.800277709960938 ], [ 146.467744827270508, -38.758056640625 ], [ 146.655550003051758, -38.769721984863281 ] ] ], [ [ [ 145.311647415161133, -38.4677734375 ], [ 145.361360549926758, -38.569168090820312 ], [ 145.113588333129883, -38.528884887695312 ], [ 145.311647415161133, -38.4677734375 ] ] ], [ [ [ 145.492738723754883, -38.374443054199219 ], [ 145.271089553833008, -38.363334655761719 ], [ 145.305818557739258, -38.296951293945312 ], [ 145.492738723754883, -38.374443054199219 ] ] ], [ [ [ 137.584962844848633, -35.650833129882812 ], [ 138.112733840942383, -35.869720458984375 ], [ 136.534425735473633, -35.912498474121094 ], [ 137.584962844848633, -35.650833129882812 ] ] ], [ [ [ 136.495241165161133, -35.175559997558594 ], [ 136.434419631958008, -35.158050537109375 ], [ 136.466646194458008, -35.13861083984375 ], [ 136.495241165161133, -35.175559997558594 ] ] ], [ [ [ 136.202760696411133, -35.076950073242188 ], [ 136.086641311645508, -34.947219848632812 ], [ 136.195802688598633, -35.026390075683594 ], [ 136.202760696411133, -35.076950073242188 ] ] ], [ [ [ 118.471918106079102, -34.938331604003906 ], [ 118.424699783325195, -34.90777587890625 ], [ 118.476381301879883, -34.918060302734375 ], [ 118.471918106079102, -34.938331604003906 ] ] ], [ [ [ 137.358003616333008, -34.540283203125 ], [ 137.334413528442383, -34.515556335449219 ], [ 137.365785598754883, -34.477775573730469 ], [ 137.358003616333008, -34.540283203125 ] ] ], [ [ [ 122.24693489074707, -34.151664733886719 ], [ 122.229982376098633, -34.112220764160156 ], [ 122.255548477172852, -34.124443054199219 ], [ 122.24693489074707, -34.151664733886719 ] ] ], [ [ [ 123.207490921020508, -34.111946105957031 ], [ 123.167764663696289, -34.094444274902344 ], [ 123.215822219848633, -34.086112976074219 ], [ 123.207490921020508, -34.111946105957031 ] ] ], [ [ [ 134.486635208129883, -33.779998779296875 ], [ 134.480257034301758, -33.714164733886719 ], [ 134.540254592895508, -33.696662902832031 ], [ 134.486635208129883, -33.779998779296875 ] ] ], [ [ [ 133.589418411254883, -32.311668395996094 ], [ 133.533601760864258, -32.304443359375 ], [ 133.674989700317383, -32.240554809570312 ], [ 133.589418411254883, -32.311668395996094 ] ] ], [ [ [ 115.680269241333008, -32.22833251953125 ], [ 115.66081428527832, -32.233612060546875 ], [ 115.648881912231445, -32.1522216796875 ], [ 115.680269241333008, -32.22833251953125 ] ] ], [ [ [ 159.070802688598633, -31.523612976074219 ], [ 159.101900100708008, -31.571113586425781 ], [ 159.070802688598633, -31.599998474121094 ], [ 159.070802688598633, -31.523612976074219 ] ] ], [ [ [ 153.451356887817383, -27.729164123535156 ], [ 153.433595657348633, -27.416110992431641 ], [ 153.538576126098633, -27.416664123535156 ], [ 153.451356887817383, -27.729164123535156 ] ] ], [ [ [ 153.414979934692383, -27.248054504394531 ], [ 153.454133987426758, -27.017780303955078 ], [ 153.425264358520508, -27.362777709960938 ], [ 153.414979934692383, -27.248054504394531 ] ] ], [ [ [ 113.20915412902832, -26.140834808349609 ], [ 112.953325271606445, -25.786945343017578 ], [ 112.951105117797852, -25.488609313964844 ], [ 113.20915412902832, -26.140834808349609 ] ] ], [ [ [ 153.003602981567383, -25.340000152587891 ], [ 152.948854446411133, -25.272502899169922 ], [ 152.992464065551758, -25.307777404785156 ], [ 153.003602981567383, -25.340000152587891 ] ] ], [ [ [ 113.073610305786133, -25.233608245849609 ], [ 113.061655044555664, -25.278614044189453 ], [ 113.101648330688477, -25.097221374511719 ], [ 113.073610305786133, -25.233608245849609 ] ] ], [ [ [ 113.139711380004883, -24.926666259765625 ], [ 113.114992141723633, -24.995830535888672 ], [ 113.147218704223633, -24.760002136230469 ], [ 113.139711380004883, -24.926666259765625 ] ] ], [ [ [ 153.077180862426758, -25.798610687255859 ], [ 152.943025588989258, -25.558334350585938 ], [ 153.281648635864258, -24.699165344238281 ], [ 153.077180862426758, -25.798610687255859 ] ] ], [ [ [ 151.382173538208008, -23.882778167724609 ], [ 151.330537796020508, -23.813335418701172 ], [ 151.326906204223633, -23.753055572509766 ], [ 151.382173538208008, -23.882778167724609 ] ] ], [ [ [ 151.269441604614258, -23.780555725097656 ], [ 151.019990921020508, -23.454444885253906 ], [ 151.203035354614258, -23.528888702392578 ], [ 151.269441604614258, -23.780555725097656 ] ] ], [ [ [ 150.982179641723633, -23.195552825927734 ], [ 150.947206497192383, -23.195552825927734 ], [ 150.978303909301758, -23.150554656982422 ], [ 150.982179641723633, -23.195552825927734 ] ] ], [ [ [ 149.735506057739258, -22.423053741455078 ], [ 149.733583450317383, -22.340557098388672 ], [ 149.760805130004883, -22.363887786865234 ], [ 149.735506057739258, -22.423053741455078 ] ] ], [ [ [ 150.491640090942383, -22.354721069335938 ], [ 150.489961624145508, -22.213054656982422 ], [ 150.560243606567383, -22.304447174072266 ], [ 150.491640090942383, -22.354721069335938 ] ] ], [ [ [ 149.900819778442383, -22.22833251953125 ], [ 149.865785598754883, -22.17388916015625 ], [ 149.908327102661133, -22.046945571899414 ], [ 149.900819778442383, -22.22833251953125 ] ] ], [ [ [ 150.336915969848633, -21.775558471679688 ], [ 150.294435501098633, -21.744441986083984 ], [ 150.358858108520508, -21.733329772949219 ], [ 150.336915969848633, -21.775558471679688 ] ] ], [ [ [ 150.286928176879883, -21.6875 ], [ 150.253877639770508, -21.638053894042969 ], [ 150.305238723754883, -21.659999847412109 ], [ 150.286928176879883, -21.6875 ] ] ], [ [ [ 115.454988479614258, -20.782501220703125 ], [ 115.303865432739258, -20.872776031494141 ], [ 115.435258865356445, -20.667221069335938 ], [ 115.454988479614258, -20.782501220703125 ] ] ], [ [ [ 149.066652297973633, -20.526668548583984 ], [ 149.036928176879883, -20.501667022705078 ], [ 149.074983596801758, -20.486942291259766 ], [ 149.066652297973633, -20.526668548583984 ] ] ], [ [ [ 149.006380081176758, -20.318332672119141 ], [ 148.955537796020508, -20.291389465332031 ], [ 148.975526809692383, -20.154998779296875 ], [ 149.006380081176758, -20.318332672119141 ] ] ], [ [ [ 148.935792922973633, -20.171943664550781 ], [ 148.881898880004883, -20.130279541015625 ], [ 148.970247268676758, -20.048610687255859 ], [ 148.935792922973633, -20.171943664550781 ] ] ], [ [ [ 148.471345901489258, -20.046390533447266 ], [ 148.449708938598633, -19.970832824707031 ], [ 148.482179641723633, -20.006111145019531 ], [ 148.471345901489258, -20.046390533447266 ] ] ], [ [ [ 146.867738723754883, -19.165000915527344 ], [ 146.776094436645508, -19.131111145019531 ], [ 146.869691848754883, -19.106666564941406 ], [ 146.867738723754883, -19.165000915527344 ] ] ], [ [ [ 146.299409866333008, -18.48944091796875 ], [ 146.083314895629883, -18.256111145019531 ], [ 146.269716262817383, -18.308334350585938 ], [ 146.299409866333008, -18.48944091796875 ] ] ], [ [ [ 139.576082229614258, -17.095832824707031 ], [ 139.398866653442383, -17.091388702392578 ], [ 139.502779006958008, -16.996665954589844 ], [ 139.576082229614258, -17.095832824707031 ] ] ], [ [ [ 139.112184524536133, -16.862220764160156 ], [ 139.090791702270508, -16.826667785644531 ], [ 139.139986038208008, -16.810558319091797 ], [ 139.112184524536133, -16.862220764160156 ] ] ], [ [ [ 139.736360549926758, -16.497219085693359 ], [ 139.140260696411133, -16.755001068115234 ], [ 139.306642532348633, -16.462497711181641 ], [ 139.736360549926758, -16.497219085693359 ] ] ], [ [ [ 136.667207717895508, -15.776666641235352 ], [ 136.634981155395508, -15.676111221313477 ], [ 136.713014602661133, -15.697778701782227 ], [ 136.667207717895508, -15.776666641235352 ] ] ], [ [ [ 136.741914749145508, -15.752223968505859 ], [ 136.734132766723633, -15.648056030273438 ], [ 136.809419631958008, -15.650278091430664 ], [ 136.741914749145508, -15.752223968505859 ] ] ], [ [ [ 137.067201614379883, -15.829444885253906 ], [ 136.934419631958008, -15.698888778686523 ], [ 137.003053665161133, -15.591388702392578 ], [ 137.067201614379883, -15.829444885253906 ] ] ], [ [ [ 136.529970169067383, -15.645278930664062 ], [ 136.579408645629883, -15.511112213134766 ], [ 136.597749710083008, -15.616109848022461 ], [ 136.529970169067383, -15.645278930664062 ] ] ], [ [ [ 136.851350784301758, -15.634166717529297 ], [ 136.841920852661133, -15.549722671508789 ], [ 136.878572463989258, -15.501943588256836 ], [ 136.851350784301758, -15.634166717529297 ] ] ], [ [ [ 124.621644973754883, -15.412221908569336 ], [ 124.522493362426758, -15.445278167724609 ], [ 124.459428787231445, -15.366943359375 ], [ 124.542215347290039, -15.261667251586914 ], [ 124.621644973754883, -15.412221908569336 ] ] ], [ [ [ 124.42637825012207, -15.315000534057617 ], [ 124.336648941040039, -15.296112060546875 ], [ 124.437479019165039, -15.249443054199219 ], [ 124.42637825012207, -15.315000534057617 ] ] ], [ [ [ 124.816095352172852, -15.281112670898438 ], [ 124.797494888305664, -15.239721298217773 ], [ 124.849992752075195, -15.247220993041992 ], [ 124.816095352172852, -15.281112670898438 ] ] ], [ [ [ 128.191926956176758, -15.18861198425293 ], [ 128.114686965942383, -15.131942749023438 ], [ 128.120515823364258, -15.043054580688477 ], [ 128.191926956176758, -15.18861198425293 ] ] ], [ [ [ 124.943315505981445, -15.030000686645508 ], [ 124.874689102172852, -14.95222282409668 ], [ 124.92442512512207, -14.944999694824219 ], [ 124.943315505981445, -15.030000686645508 ] ] ], [ [ [ 128.441072463989258, -15.037500381469727 ], [ 128.357179641723633, -14.959999084472656 ], [ 128.356355667114258, -14.870277404785156 ], [ 128.441072463989258, -15.037500381469727 ] ] ], [ [ [ 135.764986038208008, -14.904167175292969 ], [ 135.699403762817383, -14.907777786254883 ], [ 135.728303909301758, -14.836666107177734 ], [ 135.764986038208008, -14.904167175292969 ] ] ], [ [ [ 129.629945755004883, -14.879444122314453 ], [ 129.580537796020508, -14.802778244018555 ], [ 129.630800247192383, -14.850831985473633 ], [ 129.629945755004883, -14.879444122314453 ] ] ], [ [ [ 129.589418411254883, -14.907777786254883 ], [ 129.592470169067383, -14.966665267944336 ], [ 129.501924514770508, -14.788612365722656 ], [ 129.589418411254883, -14.907777786254883 ] ] ], [ [ [ 125.138322830200195, -14.648611068725586 ], [ 125.084718704223633, -14.617221832275391 ], [ 125.159418106079102, -14.438333511352539 ], [ 125.138322830200195, -14.648611068725586 ] ] ], [ [ [ 126.60637092590332, -13.895553588867188 ], [ 126.511934280395508, -13.909444808959961 ], [ 126.50248908996582, -13.877777099609375 ], [ 126.60637092590332, -13.895553588867188 ] ] ], [ [ [ 136.711641311645508, -13.835832595825195 ], [ 136.912477493286133, -13.774444580078125 ], [ 136.699403762817383, -14.120832443237305 ], [ 136.941652297973633, -14.277778625488281 ], [ 136.378023147583008, -14.216388702392578 ], [ 136.711641311645508, -13.835832595825195 ] ] ], [ [ [ 136.288301467895508, -13.733331680297852 ], [ 136.105531692504883, -13.818056106567383 ], [ 136.198854446411133, -13.664722442626953 ], [ 136.288301467895508, -13.733331680297852 ] ] ], [ [ [ 136.150819778442383, -13.485832214355469 ], [ 136.161653518676758, -13.531112670898438 ], [ 136.098848342895508, -13.361110687255859 ], [ 136.150819778442383, -13.485832214355469 ] ] ], [ [ [ 132.404695510864258, -12.140834808349609 ], [ 132.340242385864258, -12.0897216796875 ], [ 132.402193069458008, -12.072221755981445 ], [ 132.404695510864258, -12.140834808349609 ] ] ], [ [ [ 136.820528030395508, -12.140556335449219 ], [ 136.800539016723633, -12.094165802001953 ], [ 136.826082229614258, -12.072221755981445 ], [ 136.820528030395508, -12.140556335449219 ] ] ], [ [ [ 134.909975051879883, -12.121110916137695 ], [ 134.866914749145508, -12.066665649414062 ], [ 134.927766799926758, -12.072776794433594 ], [ 134.909975051879883, -12.121110916137695 ] ] ], [ [ [ 134.985780715942383, -12.03416633605957 ], [ 134.944978713989258, -12.061389923095703 ], [ 134.911378860473633, -12.022222518920898 ], [ 134.985780715942383, -12.03416633605957 ] ] ], [ [ [ 136.281923294067383, -12.035556793212891 ], [ 136.158327102661133, -12.071388244628906 ], [ 136.306367874145508, -11.976943969726562 ], [ 136.281923294067383, -12.035556793212891 ] ] ], [ [ [ 135.115510940551758, -11.934444427490234 ], [ 135.047487258911133, -11.945554733276367 ], [ 135.064973831176758, -11.913612365722656 ], [ 135.115510940551758, -11.934444427490234 ] ] ], [ [ [ 136.473573684692383, -11.911111831665039 ], [ 136.469423294067383, -11.840555191040039 ], [ 136.494966506958008, -11.803054809570312 ], [ 136.473573684692383, -11.911111831665039 ] ] ], [ [ [ 136.589418411254883, -11.780555725097656 ], [ 136.516084671020508, -11.798610687255859 ], [ 136.624666213989258, -11.740276336669922 ], [ 136.589418411254883, -11.780555725097656 ] ] ], [ [ [ 136.012758255004883, -11.719165802001953 ], [ 135.959962844848633, -11.684165954589844 ], [ 136.053865432739258, -11.659999847412109 ], [ 136.012758255004883, -11.719165802001953 ] ] ], [ [ [ 132.560243606567383, -11.724443435668945 ], [ 132.513887405395508, -11.643890380859375 ], [ 132.643037796020508, -11.648056030273438 ], [ 132.560243606567383, -11.724443435668945 ] ] ], [ [ [ 133.383882522583008, -11.667499542236328 ], [ 133.366914749145508, -11.614721298217773 ], [ 133.482454299926758, -11.586944580078125 ], [ 133.383882522583008, -11.667499542236328 ] ] ], [ [ [ 136.470521926879883, -11.519166946411133 ], [ 136.178316116333008, -11.687778472900391 ], [ 136.478853225708008, -11.466110229492188 ], [ 136.470521926879883, -11.519166946411133 ] ] ], [ [ [ 133.505556106567383, -11.503889083862305 ], [ 133.391359329223633, -11.543889999389648 ], [ 133.469423294067383, -11.460832595825195 ], [ 133.505556106567383, -11.503889083862305 ] ] ], [ [ [ 130.491060256958008, -11.68861198425293 ], [ 130.016389846801758, -11.779722213745117 ], [ 130.342470169067383, -11.323610305786133 ], [ 130.491060256958008, -11.68861198425293 ] ] ], [ [ [ 130.573305130004883, -11.349443435668945 ], [ 131.274995803833008, -11.189167022705078 ], [ 131.539155960083008, -11.461666107177734 ], [ 130.958864212036133, -11.938888549804688 ], [ 130.377443313598633, -11.170555114746094 ], [ 130.573305130004883, -11.349443435668945 ] ] ], [ [ [ 132.623842239379883, -11.279167175292969 ], [ 132.512483596801758, -11.143056869506836 ], [ 132.578859329223633, -11.022500991821289 ], [ 132.623842239379883, -11.279167175292969 ] ] ], [ [ [ 136.536104202270508, -11.454999923706055 ], [ 136.771913528442383, -11.019721984863281 ], [ 136.724977493286133, -11.206943511962891 ], [ 136.536104202270508, -11.454999923706055 ] ] ], [ [ [ 142.512758255004883, -10.866943359375 ], [ 143.429140090942383, -12.614444732666016 ], [ 143.782197952270508, -14.413333892822266 ], [ 144.510530471801758, -14.168333053588867 ], [ 145.315797805786133, -14.945554733276367 ], [ 145.403596878051758, -16.46221923828125 ], [ 145.960512161254883, -16.895278930664062 ], [ 145.878023147583008, -17.062778472900391 ], [ 146.106630325317383, -17.683609008789062 ], [ 146.009431838989258, -18.238052368164062 ], [ 146.336915969848633, -18.536666870117188 ], [ 146.275270462036133, -18.883888244628906 ], [ 148.777467727661133, -20.232498168945312 ], [ 148.935518264770508, -20.532779693603516 ], [ 148.691652297973633, -20.624443054199219 ], [ 149.214693069458008, -21.080001831054688 ], [ 149.661104202270508, -22.496665954589844 ], [ 150.043306350708008, -22.650833129882812 ], [ 150.034151077270508, -22.149723052978516 ], [ 150.593019485473633, -22.586112976074219 ], [ 150.637208938598633, -22.343891143798828 ], [ 150.867189407348633, -23.505001068115234 ], [ 151.538576126098633, -24.089168548583984 ], [ 151.683870315551758, -23.988887786865234 ], [ 151.937196731567383, -24.221664428710938 ], [ 153.181917190551758, -25.949443817138672 ], [ 153.033876419067383, -27.179443359375 ], [ 153.625520706176758, -28.666664123535156 ], [ 153.052461624145508, -31.034999847412109 ], [ 152.529695510864258, -32.403610229492188 ], [ 151.452760696411133, -33.319168090820312 ], [ 150.840517044067383, -35.082778930664062 ], [ 150.162477493286133, -35.9405517578125 ], [ 149.973848342895508, -37.520553588867188 ], [ 147.764436721801758, -37.979995727539062 ], [ 146.873567581176758, -38.651664733886719 ], [ 146.223024368286133, -38.712501525878906 ], [ 146.394136428833008, -39.147224426269531 ], [ 145.416078567504883, -38.54583740234375 ], [ 145.557191848754883, -38.376388549804688 ], [ 145.441347122192383, -38.226104736328125 ], [ 144.898866653442383, -38.504447937011719 ], [ 145.132448196411133, -38.140281677246094 ], [ 144.929140090942383, -37.869163513183594 ], [ 143.543855667114258, -38.860000610351562 ], [ 142.388887405395508, -38.364723205566406 ], [ 141.571352005004883, -38.417221069335938 ], [ 140.529970169067383, -38.000282287597656 ], [ 139.814424514770508, -37.299728393554688 ], [ 139.820528030395508, -36.54583740234375 ], [ 139.077348709106445, -35.682636260986328 ], [ 139.667757034301758, -36.230827331542969 ], [ 139.096742630004883, -35.615886688232422 ], [ 139.337190628051758, -35.694160461425781 ], [ 139.355226516723633, -35.37249755859375 ], [ 138.093019485473633, -35.620834350585938 ], [ 138.514162063598633, -35.028053283691406 ], [ 138.098024368286133, -34.137222290039062 ], [ 137.744691848754883, -35.13861083984375 ], [ 136.830537796020508, -35.254722595214844 ], [ 137.019990921020508, -34.901107788085938 ], [ 137.437746047973633, -34.934722900390625 ], [ 137.449983596801758, -34.151390075683594 ], [ 137.950258255004883, -33.559440612792969 ], [ 137.773317337036133, -32.523612976074219 ], [ 137.778322219848633, -32.992500305175781 ], [ 137.209962844848633, -33.666107177734375 ], [ 135.932741165161133, -34.541946411132812 ], [ 135.954133987426758, -35.010284423828125 ], [ 135.105806350708008, -34.599998474121094 ], [ 135.506929397583008, -34.618057250976562 ], [ 134.709138870239258, -33.179168701171875 ], [ 134.269136428833008, -33.159721374511719 ], [ 134.184144973754883, -32.486663818359375 ], [ 133.851900100708008, -32.545005798339844 ], [ 133.952180862426758, -32.394721984863281 ], [ 133.622194290161133, -32.098335266113281 ], [ 133.417207717895508, -32.213333129882812 ], [ 132.764436721801758, -31.950832366943359 ], [ 132.203859329223633, -32.031669616699219 ], [ 131.152193069458008, -31.474166870117188 ], [ 128.987459182739258, -31.694164276123047 ], [ 127.267763137817383, -32.278335571289062 ], [ 125.968324661254883, -32.26611328125 ], [ 124.281938552856445, -32.985557556152344 ], [ 123.54081916809082, -33.905830383300781 ], [ 120.00499153137207, -33.928886413574219 ], [ 117.934419631958008, -35.125831604003906 ], [ 116.463319778442383, -35.000839233398438 ], [ 115.00804328918457, -34.2630615234375 ], [ 114.988725662231445, -33.522537231445312 ], [ 115.363603591918945, -33.633056640625 ], [ 115.711114883422852, -33.269996643066406 ], [ 115.739435195922852, -31.865276336669922 ], [ 115.045534133911133, -30.506946563720703 ], [ 114.885538101196289, -29.20111083984375 ], [ 113.224428176879883, -26.239166259765625 ], [ 113.27916145324707, -26.018333435058594 ], [ 113.641374588012695, -26.652778625488281 ], [ 113.85582160949707, -26.507503509521484 ], [ 113.391664505004883, -25.718055725097656 ], [ 113.469438552856445, -25.540836334228516 ], [ 113.711931228637695, -26.195278167724609 ], [ 113.878862380981445, -26.028888702392578 ], [ 114.066095352172852, -26.461944580078125 ], [ 114.220834732055664, -26.306388854980469 ], [ 114.259164810180664, -25.846668243408203 ], [ 113.389711380004883, -24.429443359375 ], [ 114.01805305480957, -21.850833892822266 ], [ 114.153871536254883, -22.527778625488281 ], [ 114.651094436645508, -21.840000152587891 ], [ 116.707490921020508, -20.649166107177734 ], [ 117.688028335571289, -20.675830841064453 ], [ 119.082490921020508, -19.967498779296875 ], [ 121.027482986450195, -19.59222412109375 ], [ 122.35331916809082, -18.105554580688477 ], [ 122.174989700317383, -17.243331909179688 ], [ 122.917764663696289, -16.415554046630859 ], [ 123.575273513793945, -17.597499847412109 ], [ 123.596651077270508, -16.989997863769531 ], [ 123.91832160949707, -17.204444885253906 ], [ 123.42442512512207, -16.50250244140625 ], [ 123.708879470825195, -16.430278778076172 ], [ 123.569719314575195, -16.171943664550781 ], [ 123.729433059692383, -16.138889312744141 ], [ 123.891374588012695, -16.378887176513672 ], [ 123.964433670043945, -16.245552062988281 ], [ 124.238588333129883, -16.406665802001953 ], [ 124.899431228637695, -16.415000915527344 ], [ 124.400545120239258, -16.329444885253906 ], [ 124.72831916809082, -15.810556411743164 ], [ 124.401384353637695, -15.871110916137695 ], [ 124.447748184204102, -15.486387252807617 ], [ 124.656373977661133, -15.479721069335938 ], [ 124.702211380004883, -15.252500534057617 ], [ 125.18181037902832, -15.520685195922852 ], [ 124.82554817199707, -15.155834197998047 ], [ 125.433320999145508, -15.138612747192383 ], [ 125.135538101196289, -14.741388320922852 ], [ 125.588884353637695, -14.549444198608398 ], [ 125.606935501098633, -14.223054885864258 ], [ 125.637208938598633, -14.635000228881836 ], [ 125.718873977661133, -14.400278091430664 ], [ 126.037202835083008, -14.516666412353516 ], [ 126.019441604614258, -13.919166564941406 ], [ 126.287775039672852, -14.233055114746094 ], [ 126.862764358520508, -13.749164581298828 ], [ 127.42082405090332, -13.949722290039062 ], [ 128.169435501098633, -14.702777862548828 ], [ 128.013612747192383, -15.5 ], [ 128.129243850708008, -15.212888717651367 ], [ 128.289979934692383, -15.405279159545898 ], [ 128.194124221801758, -15.056667327880859 ], [ 128.314973831176758, -14.907777786254883 ], [ 128.350801467895508, -15.044723510742188 ], [ 128.452455520629883, -15.046388626098633 ], [ 128.381898880004883, -14.802499771118164 ], [ 128.530275344848633, -14.759166717529297 ], [ 129.732454299926758, -15.197221755981445 ], [ 129.643861770629883, -14.837221145629883 ], [ 129.944429397583008, -14.767778396606445 ], [ 129.370241165161133, -14.333332061767578 ], [ 129.886110305786133, -13.445278167724609 ], [ 130.264436721801758, -13.325277328491211 ], [ 130.140810012817383, -12.924167633056641 ], [ 130.695253372192383, -12.702499389648438 ], [ 130.583040237426758, -12.395278930664062 ], [ 130.896364212036133, -12.640277862548828 ], [ 131.027193069458008, -12.145553588867188 ], [ 132.383607864379883, -12.379999160766602 ], [ 132.754426956176758, -12.132776260375977 ], [ 132.627748489379883, -12.04194450378418 ], [ 132.691072463989258, -11.655000686645508 ], [ 132.489961624145508, -11.476943969726562 ], [ 132.092470169067383, -11.526390075683594 ], [ 131.766939163208008, -11.316389083862305 ], [ 131.979951858520508, -11.125555038452148 ], [ 132.199708938598633, -11.412778854370117 ], [ 132.143312454223633, -11.133333206176758 ], [ 132.337465286254883, -11.129165649414062 ], [ 133.183046340942383, -11.716665267944336 ], [ 135.231355667114258, -12.294445037841797 ], [ 135.908021926879883, -11.763055801391602 ], [ 135.669710159301758, -12.196666717529297 ], [ 136.023042678833008, -12.111944198608398 ], [ 136.039705276489258, -12.47166633605957 ], [ 136.562196731567383, -11.934444427490234 ], [ 136.981904983520508, -12.356943130493164 ], [ 136.494417190551758, -12.779167175292969 ], [ 136.458009719848633, -13.252500534057617 ], [ 136.350526809692383, -13.052499771118164 ], [ 135.923860549926758, -13.281389236450195 ], [ 136.020265579223633, -13.762500762939453 ], [ 135.456636428833008, -14.941110610961914 ], [ 136.765810012817383, -15.904445648193359 ], [ 137.730806350708008, -16.246109008789062 ], [ 138.190248489379883, -16.704998016357422 ], [ 139.017488479614258, -16.903053283691406 ], [ 139.260530471801758, -17.342498779296875 ], [ 140.494966506958008, -17.640834808349609 ], [ 141.426912307739258, -16.079166412353516 ], [ 141.583864212036133, -12.989166259765625 ], [ 141.798585891723633, -12.685832977294922 ], [ 141.940797805786133, -12.875831604003906 ], [ 141.752473831176758, -12.467222213745117 ], [ 141.589418411254883, -12.546945571899414 ], [ 142.028871536254883, -12.062221527099609 ], [ 142.141939163208008, -10.956666946411133 ], [ 142.512758255004883, -10.866943359375 ] ] ], [ [ [ 142.265810012817383, -10.683610916137695 ], [ 142.183320999145508, -10.770278930664062 ], [ 142.115236282348633, -10.660556793212891 ], [ 142.265810012817383, -10.683610916137695 ] ] ], [ [ [ 142.278047561645508, -10.643611907958984 ], [ 142.249696731567383, -10.587499618530273 ], [ 142.314149856567383, -10.584165573120117 ], [ 142.278047561645508, -10.643611907958984 ] ] ], [ [ [ 142.230806350708008, -10.568889617919922 ], [ 142.191347122192383, -10.565834045410156 ], [ 142.226625442504883, -10.525278091430664 ], [ 142.230806350708008, -10.568889617919922 ] ] ], [ [ [ 142.321077346801758, -10.548610687255859 ], [ 142.292207717895508, -10.533889770507812 ], [ 142.318025588989258, -10.513889312744141 ], [ 142.321077346801758, -10.548610687255859 ] ] ], [ [ [ 142.285524368286133, -10.26472282409668 ], [ 142.225801467895508, -10.146112442016602 ], [ 142.330537796020508, -10.171945571899414 ], [ 142.285524368286133, -10.26472282409668 ] ] ], [ [ [ 142.157747268676758, -10.189722061157227 ], [ 142.089693069458008, -10.133890151977539 ], [ 142.143587112426758, -10.051666259765625 ], [ 142.157747268676758, -10.189722061157227 ] ] ] ] } },
{ "type": "Feature", "properties": { "fid": 44, "FIPS": "CY", "ISO2": "CY", "ISO3": "CYP", "UN": 196, "NAME": "Cyprus", "AREA": 924, "POP2005": 836321, "REGION": "Asia", "SUBREGION": "Western Asia", "LON": 33.219, "LAT": 35.043, "New South Wales_V2022": null, "Northern Territory_V2022": null, "Queensland_V2022": null, "Republic Of Serbia_V2022": null, "Somalia_V2022": null, "Somaliland_V2022": null, "South Australia_V2022": null, "Tasmania_V2022": null, "Usa Alaska_V2022": null, "Usa Hawaii_V2022": null, "Usa Lower48_V2022": null, "Victoria_V2022": null, "Western Australia_V2022": null, "Australia_V2024S1T5": null, "Cyprus_V2024S1T5": " [Nov 2000 - July  2024](https://scholar.colorado.edu/concern/datasets/tx31qk48f)", "Kosovo_V2024S1T5": null, "New South Wales_V2024S1T5": null, "Northern Cyprus_V2024S1T5": " [November 2000 - July 2024](https://scholar.colorado.edu/concern/datasets/4m90dx238)", "Northern Territory_V2024S1T5": null, "Queensland_V2024S1T5": null, "Republic Of Serbia_V2024S1T5": null, "Somalia_V2024S1T5": null, "Somaliland_V2024S1T5": null, "South Australia_V2024S1T5": null, "Tasmania_V2024S1T5": null, "Usa Alaska_V2024S1T5": null, "Usa Hawaii_V2024S1T5": null, "Usa Lower48_V2024S1T5": null, "Victoria_V2024S1T5": null, "Western Australia_V2024S1T5": null, "Ashmore and Cartier Islands_f_file_name": null, "Australia_f_file_name": null, "Cyprus_f_file_name": "cyprus_s3t8", "Indian Ocean Territories_f_file_name": null, "Kosovo_f_file_name": null, "Northern Cyprus_f_file_name": "northern_cyprus_s5t11", "Republic Of Serbia_f_file_name": null, "Somalia_f_file_name": null, "Somaliland_f_file_name": null, "Usa Alaska_f_file_name": null, "Usa Hawaii_f_file_name": null, "Usa Lower48_f_file_name": null }, "geometry": { "type": "MultiPolygon", "coordinates": [ [ [ [ 33.652618, 35.354103 ], [ 34.590271, 35.690277 ], [ 33.921387, 35.272774 ], [ 34.083328, 34.959442 ], [ 33.030838, 34.56255 ], [ 32.274162, 35.043884 ], [ 33.652618, 35.354103 ] ] ] ] } },
{ "type": "Feature", "properties": { "fid": 187, "FIPS": "SO", "ISO2": "SO", "ISO3": "SOM", "UN": 706, "NAME": "Somalia", "AREA": 62734, "POP2005": 8196395, "REGION": "Africa", "SUBREGION": "Eastern Africa", "LON": 48.316, "LAT": 9.774, "New South Wales_V2022": null, "Northern Territory_V2022": null, "Queensland_V2022": null, "Republic Of Serbia_V2022": null, "Somalia_V2022": " [2001-2021](https://scholar.colorado.edu/concern/datasets/xd07gt798) ", "Somaliland_V2022": " [2001-2021](https://scholar.colorado.edu/concern/datasets/8c97kr53f) ", "South Australia_V2022": null, "Tasmania_V2022": null, "Usa Alaska_V2022": null, "Usa Hawaii_V2022": null, "Usa Lower48_V2022": null, "Victoria_V2022": null, "Western Australia_V2022": null, "Australia_V2024S1T5": null, "Cyprus_V2024S1T5": null, "Kosovo_V2024S1T5": null, "New South Wales_V2024S1T5": null, "Northern Cyprus_V2024S1T5": null, "Northern Territory_V2024S1T5": null, "Queensland_V2024S1T5": null, "Republic Of Serbia_V2024S1T5": null, "Somalia_V2024S1T5": "[Nov 2000 - July 2024](https://scholar.colorado.edu/concern/datasets/q524jq68k)", "Somaliland_V2024S1T5": "[Nov 2000 - July 2024](https://scholar.colorado.edu/concern/datasets/08612q175)", "South Australia_V2024S1T5": null, "Tasmania_V2024S1T5": null, "Usa Alaska_V2024S1T5": null, "Usa Hawaii_V2024S1T5": null, "Usa Lower48_V2024S1T5": null, "Victoria_V2024S1T5": null, "Western Australia_V2024S1T5": null, "Ashmore and Cartier Islands_f_file_name": null, "Australia_f_file_name": null, "Cyprus_f_file_name": null, "Indian Ocean Territories_f_file_name": null, "Kosovo_f_file_name": null, "Northern Cyprus_f_file_name": null, "Republic Of Serbia_f_file_name": null, "Somalia_f_file_name": "somalia_s5t11", "Somaliland_f_file_name": "somaliland_s5t11", "Usa Alaska_f_file_name": null, "Usa Hawaii_f_file_name": null, "Usa Lower48_f_file_name": null }, "geometry": { "type": "MultiPolygon", "coordinates": [ [ [ [ 42.944092, 11.002438 ], [ 43.249222, 11.469534 ], [ 44.278328, 10.447777 ], [ 44.898331, 10.420555 ], [ 45.759995, 10.875277 ], [ 46.448051, 10.688889 ], [ 47.398888, 11.179998 ], [ 50.085548, 11.511944 ], [ 50.76944, 11.979166 ], [ 51.277222, 11.836666 ], [ 51.01416, 10.442778 ], [ 51.412636, 10.451515 ], [ 50.896942, 10.319721 ], [ 50.83625, 9.432688 ], [ 47.954437, 4.463888 ], [ 46.014717, 2.427778 ], [ 43.488609, 0.649999 ], [ 41.558159, -1.674868 ], [ 40.998329, -0.866111 ], [ 40.986595000000108, 2.829956 ], [ 41.905167, 3.980322 ], [ 43.686386, 4.891944 ], [ 44.950829, 4.902499 ], [ 47.988243, 8.004107 ], [ 47.01194, 8.00111 ], [ 44.010551, 9.007221 ], [ 42.848053, 10.22361 ], [ 42.663055, 10.6325 ], [ 42.944092, 11.002438 ] ] ] ] } },
{ "type": "Feature", "properties": { "fid": 209, "FIPS": "US", "ISO2": "US", "ISO3": "USA", "UN": 840, "NAME": "United States", "AREA": 915896, "POP2005": 299846449, "REGION": "Americas", "SUBREGION": "Northern America", "LON": -98.606, "LAT": 39.622, "New South Wales_V2022": null, "Northern Territory_V2022": null, "Queensland_V2022": null, "Republic Of Serbia_V2022": null, "Somalia_V2022": null, "Somaliland_V2022": null, "South Australia_V2022": null, "Tasmania_V2022": null, "Usa Alaska_V2022": " [2001-2021](https://scholar.colorado.edu/concern/datasets/d504rm74m) ", "Usa Hawaii_V2022": " [2001-2021](https://scholar.colorado.edu/concern/datasets/7h149r06p)", "Usa Lower48_V2022": " [2001-2021](https://scholar.colorado.edu/concern/datasets/8336h304x)", "Victoria_V2022": null, "Western Australia_V2022": null, "Australia_V2024S1T5": null, "Cyprus_V2024S1T5": null, "Kosovo_V2024S1T5": null, "New South Wales_V2024S1T5": null, "Northern Cyprus_V2024S1T5": null, "Northern Territory_V2024S1T5": null, "Queensland_V2024S1T5": null, "Republic Of Serbia_V2024S1T5": null, "Somalia_V2024S1T5": null, "Somaliland_V2024S1T5": null, "South Australia_V2024S1T5": null, "Tasmania_V2024S1T5": null, "Usa Alaska_V2024S1T5": " [November 2001- July 2024](https://scholar.colorado.edu/concern/datasets/fx719p11c)", "Usa Hawaii_V2024S1T5": "[November 2000 - December 2024](https://scholar.colorado.edu/concern/datasets/sn00b078q)", "Usa Lower48_V2024S1T5": " [November 2000 - July 2024](https://scholar.colorado.edu/concern/datasets/0g354g88p)", "Victoria_V2024S1T5": null, "Western Australia_V2024S1T5": null, "Ashmore and Cartier Islands_f_file_name": null, "Australia_f_file_name": null, "Cyprus_f_file_name": null, "Indian Ocean Territories_f_file_name": null, "Kosovo_f_file_name": null, "Northern Cyprus_f_file_name": null, "Republic Of Serbia_f_file_name": null, "Somalia_f_file_name": null, "Somaliland_f_file_name": null, "Usa Alaska_f_file_name": "usa_alaska_s5t11", "Usa Hawaii_f_file_name": "usa_hawaii_s3t8", "Usa Lower48_f_file_name": "usa_lower48_s5t11" }, "geometry": { "type": "MultiPolygon", "coordinates": [ [ [ [ -75.1702880859375, 19.931390762329102 ], [ -75.223724365234375, 19.901556015014648 ], [ -75.1591796875, 19.960695266723633 ], [ -75.1702880859375, 19.931390762329102 ] ] ], [ [ [ -75.12139892578125, 19.88749885559082 ], [ -75.139739990234375, 19.962873458862305 ], [ -75.085281372070312, 19.893041610717773 ], [ -75.12139892578125, 19.88749885559082 ] ] ], [ [ [ -155.005584716796875, 19.328882217407227 ], [ -155.859466552734375, 19.032777786254883 ], [ -155.86444091796875, 20.269163131713867 ], [ -155.15863037109375, 19.962495803833008 ], [ -154.792816162109375, 19.538610458374023 ], [ -155.005584716796875, 19.328882217407227 ] ] ], [ [ [ -156.5472412109375, 20.525274276733398 ], [ -156.698638916015625, 20.534719467163086 ], [ -156.585296630859375, 20.607221603393555 ], [ -156.5472412109375, 20.525274276733398 ] ] ], [ [ [ -156.891998291015625, 20.744161605834961 ], [ -157.048370361328125, 20.918054580688477 ], [ -156.812255859375, 20.843610763549805 ], [ -156.891998291015625, 20.744161605834961 ] ] ], [ [ [ -156.473358154296875, 20.898050308227539 ], [ -155.988616943359375, 20.748052597045898 ], [ -156.420013427734375, 20.58860969543457 ], [ -156.702239990234375, 20.924436569213867 ], [ -156.473358154296875, 20.898050308227539 ] ] ], [ [ [ -156.89447021484375, 21.161104202270508 ], [ -156.70391845703125, 21.158052444458008 ], [ -157.30474853515625, 21.100553512573242 ], [ -156.89447021484375, 21.161104202270508 ] ] ], [ [ [ -160.530609130859375, 21.643888473510742 ], [ -160.53778076171875, 21.63221549987793 ], [ -160.5411376953125, 21.641382217407227 ], [ -160.530609130859375, 21.643888473510742 ] ] ], [ [ [ -157.730316162109375, 21.411661148071289 ], [ -158.1036376953125, 21.295278549194336 ], [ -158.27337646484375, 21.580549240112305 ], [ -157.971923828125, 21.699438095092773 ], [ -157.730316162109375, 21.411661148071289 ] ] ], [ [ [ -160.114990234375, 21.88749885559082 ], [ -160.247772216796875, 21.813608169555664 ], [ -160.0614013671875, 22.013883590698242 ], [ -160.114990234375, 21.88749885559082 ] ] ], [ [ [ -159.433624267578125, 21.881387710571289 ], [ -159.785308837890625, 22.061384201049805 ], [ -159.351654052734375, 22.221380233764648 ], [ -159.433624267578125, 21.881387710571289 ] ] ], [ [ [ -161.941680908203125, 23.039438247680664 ], [ -161.948333740234375, 23.047216415405273 ], [ -161.938323974609375, 23.046388626098633 ], [ -161.941680908203125, 23.039438247680664 ] ] ], [ [ [ -164.696136474609375, 23.564718246459961 ], [ -164.70751953125, 23.576665878295898 ], [ -164.696685791015625, 23.578054428100586 ], [ -164.696136474609375, 23.564718246459961 ] ] ], [ [ [ -81.773895263671875, 24.544721603393555 ], [ -81.813499450683594, 24.54387092590332 ], [ -81.729171752929688, 24.560556411743164 ], [ -81.773895263671875, 24.544721603393555 ] ] ], [ [ [ -82.11444091796875, 24.545831680297852 ], [ -82.137222290039062, 24.593889236450195 ], [ -82.099990844726562, 24.58305549621582 ], [ -82.11444091796875, 24.545831680297852 ] ] ], [ [ [ -81.715118408203125, 24.553117752075195 ], [ -81.710739135742188, 24.595720291137695 ], [ -81.646224975585938, 24.577550888061523 ], [ -81.715118408203125, 24.553117752075195 ] ] ], [ [ [ -81.477218627929688, 24.636384963989258 ], [ -81.51777458190918, 24.684995651245117 ], [ -81.478607177734375, 24.677774429321289 ], [ -81.477218627929688, 24.636384963989258 ] ] ], [ [ [ -81.588333129882812, 24.589998245239258 ], [ -81.553054809570312, 24.687219619750977 ], [ -81.508346557617188, 24.629999160766602 ], [ -81.588333129882812, 24.589998245239258 ] ] ], [ [ [ -81.108612060546875, 24.706106185913086 ], [ -81.137771606445312, 24.701681137084961 ], [ -81.05267333984375, 24.716531753540039 ], [ -81.108612060546875, 24.706106185913086 ] ] ], [ [ [ -81.349441528320312, 24.629720687866211 ], [ -81.428054809570312, 24.748605728149414 ], [ -81.360824584960938, 24.700830459594727 ], [ -81.349441528320312, 24.629720687866211 ] ] ], [ [ [ -80.968887329101562, 24.742773056030273 ], [ -81.026687622070312, 24.718587875366211 ], [ -80.9234619140625, 24.769208908081055 ], [ -80.968887329101562, 24.742773056030273 ] ] ], [ [ [ -80.846115112304688, 24.79749870300293 ], [ -80.824172973632812, 24.821111679077148 ], [ -80.786170959472656, 24.822931289672852 ], [ -80.846115112304688, 24.79749870300293 ] ] ], [ [ [ -80.6986083984375, 24.866666793823242 ], [ -80.745834350585938, 24.842496871948242 ], [ -80.702499389648438, 24.880830764770508 ], [ -80.6986083984375, 24.866666793823242 ] ] ], [ [ [ -80.646665573120117, 24.902219772338867 ], [ -80.664443969726562, 24.894998550415039 ], [ -80.623886108398438, 24.932775497436523 ], [ -80.646665573120117, 24.902219772338867 ] ] ], [ [ [ -167.990570068359375, 25.002500534057617 ], [ -168.00115966796875, 25.003885269165039 ], [ -168.005889892578125, 25.017496109008789 ], [ -167.990570068359375, 25.002500534057617 ] ] ], [ [ [ -80.577224731445312, 24.945550918579102 ], [ -80.25750732421875, 25.34638786315918 ], [ -80.371932983398438, 25.143888473510742 ], [ -80.577224731445312, 24.945550918579102 ] ] ], [ [ [ -80.225006103515625, 25.40110969543457 ], [ -80.234161376953125, 25.402219772338867 ], [ -80.1885986328125, 25.494161605834961 ], [ -80.225006103515625, 25.40110969543457 ] ] ], [ [ [ -80.162216186523438, 25.669443130493164 ], [ -80.185546875, 25.68943977355957 ], [ -80.156387329101562, 25.733331680297852 ], [ -80.162216186523438, 25.669443130493164 ] ] ], [ [ [ -171.723602294921875, 25.76249885559082 ], [ -171.73138427734375, 25.760831832885742 ], [ -171.724700927734375, 25.791662216186523 ], [ -171.723602294921875, 25.76249885559082 ] ] ], [ [ [ -81.684158325195312, 25.844720840454102 ], [ -81.7147216796875, 25.888608932495117 ], [ -81.664169311523438, 25.888608932495117 ], [ -81.684158325195312, 25.844720840454102 ] ] ], [ [ [ -173.946136474609375, 26.063333511352539 ], [ -173.960845947265625, 26.079439163208008 ], [ -173.944732666015625, 26.080831527709961 ], [ -173.946136474609375, 26.063333511352539 ] ] ], [ [ [ -82.126388549804688, 26.44999885559082 ], [ -82.206390380859375, 26.545831680297852 ], [ -82.028884887695312, 26.444997787475586 ], [ -82.126388549804688, 26.44999885559082 ] ] ], [ [ [ -82.221664428710938, 26.612497329711914 ], [ -82.2449951171875, 26.63499641418457 ], [ -82.2550048828125, 26.698606491088867 ], [ -82.221664428710938, 26.612497329711914 ] ] ], [ [ [ -82.079452514648438, 26.487775802612305 ], [ -82.179718017578125, 26.699163436889648 ], [ -82.133331298828125, 26.691106796264648 ], [ -82.079452514648438, 26.487775802612305 ] ] ], [ [ [ -82.263626098632812, 26.716386795043945 ], [ -82.281387329101562, 26.808889389038086 ], [ -82.255279541015625, 26.759443283081055 ], [ -82.263626098632812, 26.716386795043945 ] ] ], [ [ [ -97.177780151367188, 26.084722518920898 ], [ -97.385757446289062, 26.838224411010742 ], [ -97.383621215820312, 27.207220077514648 ], [ -97.177780151367188, 26.084722518920898 ] ] ], [ [ [ -82.587509155273438, 27.321111679077148 ], [ -82.680557250976562, 27.42582893371582 ], [ -82.6541748046875, 27.418607711791992 ], [ -82.587509155273438, 27.321111679077148 ] ] ], [ [ [ -97.382217407226562, 27.21888542175293 ], [ -97.317230224609375, 27.495828628540039 ], [ -97.04554557800293, 27.843889236450195 ], [ -97.382217407226562, 27.21888542175293 ] ] ], [ [ [ -96.887786865234375, 28.030553817749023 ], [ -97.03582763671875, 27.875276565551758 ], [ -96.867767333984375, 28.13499641418457 ], [ -96.887786865234375, 28.030553817749023 ] ] ], [ [ [ -96.55194091796875, 28.266668319702148 ], [ -96.813613891601562, 28.092496871948242 ], [ -96.40472412109375, 28.392221450805664 ], [ -96.55194091796875, 28.266668319702148 ] ] ], [ [ [ -96.360824584960938, 28.402498245239258 ], [ -96.31304931640625, 28.45527458190918 ], [ -96.229995727539062, 28.485551834106445 ], [ -96.360824584960938, 28.402498245239258 ] ] ], [ [ [ -80.663894653320312, 28.258333206176758 ], [ -80.740280151367188, 28.478330612182617 ], [ -80.625274658203125, 28.590555191040039 ], [ -80.663894653320312, 28.258333206176758 ] ] ], [ [ [ -90.872650146484375, 29.046133041381836 ], [ -90.950393676757812, 29.060003280639648 ], [ -90.923614501953125, 29.060556411743164 ], [ -90.872650146484375, 29.046133041381836 ] ] ], [ [ [ -90.739166259765625, 29.045000076293945 ], [ -90.758346557617188, 29.048608779907227 ], [ -90.642501831054688, 29.073331832885742 ], [ -90.739166259765625, 29.045000076293945 ] ] ], [ [ [ -90.335556030273438, 29.057222366333008 ], [ -90.2852783203125, 29.08305549621582 ], [ -90.29833984375, 29.06694221496582 ], [ -90.335556030273438, 29.057222366333008 ] ] ], [ [ [ -89.97528076171875, 29.242773056030273 ], [ -90.031112670898438, 29.211942672729492 ], [ -89.955001831054688, 29.268056869506836 ], [ -89.97528076171875, 29.242773056030273 ] ] ], [ [ [ -89.928329467773438, 29.27861213684082 ], [ -89.935272216796875, 29.287500381469727 ], [ -89.907501220703125, 29.302221298217773 ], [ -89.928329467773438, 29.27861213684082 ] ] ], [ [ [ -89.860000610351562, 29.310277938842773 ], [ -89.893890380859375, 29.323053359985352 ], [ -89.869720458984375, 29.335275650024414 ], [ -89.860000610351562, 29.310277938842773 ] ] ], [ [ [ -95.111114501953125, 29.098054885864258 ], [ -94.821395874023438, 29.33860969543457 ], [ -94.78472900390625, 29.308053970336914 ], [ -95.111114501953125, 29.098054885864258 ] ] ], [ [ [ -89.17054557800293, 29.473051071166992 ], [ -89.219161987304688, 29.464719772338867 ], [ -89.156951904296875, 29.492494583129883 ], [ -89.17054557800293, 29.473051071166992 ] ] ], [ [ [ -89.601104736328125, 29.513887405395508 ], [ -89.618331909179688, 29.538331985473633 ], [ -89.590286254882812, 29.560556411743164 ], [ -89.565826416015625, 29.554719924926758 ], [ -89.562210083007812, 29.521112442016602 ], [ -89.601104736328125, 29.513887405395508 ] ] ], [ [ [ -89.080291748046875, 29.521387100219727 ], [ -89.078887939453125, 29.545553207397461 ], [ -89.037216186523438, 29.573610305786133 ], [ -89.080291748046875, 29.521387100219727 ] ] ], [ [ [ -91.786666870117188, 29.486108779907227 ], [ -92.034439086914062, 29.591665267944336 ], [ -91.85638427734375, 29.63499641418457 ], [ -91.786666870117188, 29.486108779907227 ] ] ], [ [ [ -85.111114501953125, 29.632219314575195 ], [ -85.198043823242188, 29.685274124145508 ], [ -85.081680297851562, 29.679162979125977 ], [ -85.111114501953125, 29.632219314575195 ] ] ], [ [ [ -89.428604125976562, 29.692773818969727 ], [ -89.468612670898438, 29.728609085083008 ], [ -89.422500610351562, 29.722772598266602 ], [ -89.428604125976562, 29.692773818969727 ] ] ], [ [ [ -84.9727783203125, 29.608888626098633 ], [ -85.095001220703125, 29.62388801574707 ], [ -84.692214965820312, 29.758333206176758 ], [ -84.9727783203125, 29.608888626098633 ] ] ], [ [ [ -89.424163818359375, 29.74083137512207 ], [ -89.4888916015625, 29.73805046081543 ], [ -89.491104125976562, 29.793054580688477 ], [ -89.424163818359375, 29.74083137512207 ] ] ], [ [ [ -89.2852783203125, 29.771387100219727 ], [ -89.3416748046875, 29.803888320922852 ], [ -89.275558471679688, 29.809164047241211 ], [ -89.2852783203125, 29.771387100219727 ] ] ], [ [ [ -84.638900756835938, 29.77833366394043 ], [ -84.667221069335938, 29.776945114135742 ], [ -84.57342529296875, 29.819997787475586 ], [ -84.638900756835938, 29.77833366394043 ] ] ], [ [ [ -88.845840454101562, 29.776388168334961 ], [ -88.868743896484375, 30.060606002807617 ], [ -88.805831909179688, 29.90638542175293 ], [ -88.845840454101562, 29.776388168334961 ] ] ], [ [ [ -89.317779541015625, 30.040834426879883 ], [ -89.346389770507812, 30.059442520141602 ], [ -89.18499755859375, 30.166666030883789 ], [ -89.317779541015625, 30.040834426879883 ] ] ], [ [ [ -88.437774658203125, 30.206106185913086 ], [ -88.500564575195312, 30.21888542175293 ], [ -88.428054809570312, 30.212774276733398 ], [ -88.437774658203125, 30.206106185913086 ] ] ], [ [ [ -88.552215576171875, 30.214719772338867 ], [ -88.754180908203125, 30.244718551635742 ], [ -88.526397705078125, 30.223051071166992 ], [ -88.552215576171875, 30.214719772338867 ] ] ], [ [ [ -89.08111572265625, 30.19972038269043 ], [ -89.0916748046875, 30.216665267944336 ], [ -89.060516357421875, 30.246675491333008 ], [ -89.08111572265625, 30.19972038269043 ] ] ], [ [ [ -88.0947265625, 30.241106033325195 ], [ -88.3125, 30.23277473449707 ], [ -88.107772827148438, 30.273611068725586 ], [ -88.0947265625, 30.241106033325195 ] ] ], [ [ [ -86.5291748046875, 30.40083122253418 ], [ -87.292221069335938, 30.33277702331543 ], [ -86.7630615234375, 30.404996871948242 ], [ -86.5291748046875, 30.40083122253418 ] ] ], [ [ [ -118.406951904296875, 32.816667556762695 ], [ -118.592498779296875, 33.046945571899414 ], [ -118.369163513183594, 32.854715347290039 ], [ -118.406951904296875, 32.816667556762695 ] ] ], [ [ [ -79.36500358581543, 33.003053665161133 ], [ -79.361114501953125, 33.049997329711914 ], [ -79.33612060546875, 33.067216873168945 ], [ -79.36500358581543, 33.003053665161133 ] ] ], [ [ [ -119.44415283203125, 33.21666145324707 ], [ -119.566673278808594, 33.282770156860352 ], [ -119.480560302734375, 33.274438858032227 ], [ -119.44415283203125, 33.21666145324707 ] ] ], [ [ [ -118.30194091796875, 33.30943489074707 ], [ -118.448883056640625, 33.327493667602539 ], [ -118.592214584350586, 33.486658096313477 ], [ -118.30194091796875, 33.30943489074707 ] ] ], [ [ [ -77.960830688476562, 33.850000381469727 ], [ -78.016403198242188, 33.874162673950195 ], [ -77.949722290039062, 33.913049697875977 ], [ -77.960830688476562, 33.850000381469727 ] ] ], [ [ [ -120.0352783203125, 34.023881912231445 ], [ -120.107498168945312, 33.905550003051758 ], [ -120.226097106933594, 34.006105422973633 ], [ -120.0352783203125, 34.023881912231445 ] ] ], [ [ [ -120.297782897949219, 34.028604507446289 ], [ -120.43804931640625, 34.036943435668945 ], [ -120.3638916015625, 34.065546035766602 ], [ -120.297782897949219, 34.028604507446289 ] ] ], [ [ [ -119.868057250976562, 34.084161758422852 ], [ -119.513633728027344, 34.04277229309082 ], [ -119.788330078125, 33.96721076965332 ], [ -119.868057250976562, 34.084161758422852 ] ] ], [ [ [ -76.5352783203125, 34.635553359985352 ], [ -76.65472412109375, 34.686105728149414 ], [ -76.559158325195312, 34.664995193481445 ], [ -76.5352783203125, 34.635553359985352 ] ] ], [ [ [ -76.6824951171875, 34.702219009399414 ], [ -77.098052978515625, 34.650545120239258 ], [ -76.931106567382812, 34.691377639770508 ], [ -76.6824951171875, 34.702219009399414 ] ] ], [ [ [ -76.531951904296875, 34.585824966430664 ], [ -76.42083740234375, 34.775827407836914 ], [ -76.199722290039062, 34.941659927368164 ], [ -76.531951904296875, 34.585824966430664 ] ] ], [ [ [ -76.067779541015625, 35.039438247680664 ], [ -76.131103515625, 35.00193977355957 ], [ -76.039443969726562, 35.061105728149414 ], [ -76.067779541015625, 35.039438247680664 ] ] ], [ [ [ -76.010833740234375, 35.074167251586914 ], [ -75.981109619140625, 35.114999771118164 ], [ -75.766952514648438, 35.193880081176758 ], [ -76.010833740234375, 35.074167251586914 ] ] ], [ [ [ -75.5272216796875, 35.235551834106445 ], [ -75.653610229492188, 35.225549697875977 ], [ -75.51251220703125, 35.777215957641602 ], [ -75.5272216796875, 35.235551834106445 ] ] ], [ [ [ -75.61944580078125, 35.821382522583008 ], [ -75.72332763671875, 35.941659927368164 ], [ -75.66583251953125, 35.926942825317383 ], [ -75.61944580078125, 35.821382522583008 ] ] ], [ [ [ -75.906112670898438, 37.112497329711914 ], [ -75.898895263671875, 37.136941909790039 ], [ -75.87249755859375, 37.149164199829102 ], [ -75.906112670898438, 37.112497329711914 ] ] ], [ [ [ -75.788330078125, 37.238046646118164 ], [ -75.837509155273438, 37.22776985168457 ], [ -75.7852783203125, 37.298608779907227 ], [ -75.788330078125, 37.238046646118164 ] ] ], [ [ [ -75.6966552734375, 37.402772903442383 ], [ -75.710830688476562, 37.390275955200195 ], [ -75.6683349609375, 37.460275650024414 ], [ -75.6966552734375, 37.402772903442383 ] ] ], [ [ [ -121.8013916015625, 38.055269241333008 ], [ -121.82000732421875, 38.068056106567383 ], [ -121.79638671875, 38.066667556762695 ], [ -121.8013916015625, 38.055269241333008 ] ] ], [ [ [ -75.354171752929688, 37.866662979125977 ], [ -75.384170532226562, 37.872217178344727 ], [ -75.121109008789062, 38.263055801391602 ], [ -75.354171752929688, 37.866662979125977 ] ] ], [ [ [ -74.329452514648438, 39.421663284301758 ], [ -74.394454956054688, 39.38249397277832 ], [ -74.44415283203125, 39.406938552856445 ], [ -74.376251220703125, 39.420743942260742 ], [ -74.348052978515625, 39.474435806274414 ], [ -74.329452514648438, 39.421663284301758 ] ] ], [ [ [ -74.2469482421875, 39.525552749633789 ], [ -74.099990844726562, 39.750833511352539 ], [ -74.138336181640625, 39.659433364868164 ], [ -74.2469482421875, 39.525552749633789 ] ] ], [ [ [ -74.220001220703125, 40.511667251586914 ], [ -74.17694091796875, 40.641939163208008 ], [ -74.062774658203125, 40.639436721801758 ], [ -74.220001220703125, 40.511667251586914 ] ] ], [ [ [ -73.22332763671875, 40.635271072387695 ], [ -73.294723510742188, 40.633882522583008 ], [ -72.76666259765625, 40.766107559204102 ], [ -73.22332763671875, 40.635271072387695 ] ] ], [ [ [ -72.262222290039062, 41.125268936157227 ], [ -72.621109008789062, 40.913049697875977 ], [ -71.856109619140625, 41.069162368774414 ], [ -73.582778930664062, 40.596101760864258 ], [ -74.032501220703125, 40.625825881958008 ], [ -72.262222290039062, 41.125268936157227 ] ] ], [ [ [ -69.9949951171875, 41.32805061340332 ], [ -69.993881225585938, 41.250276565551758 ], [ -70.234161376953125, 41.283609390258789 ], [ -69.9949951171875, 41.32805061340332 ] ] ], [ [ [ -70.506393432617188, 41.357217788696289 ], [ -70.838058471679688, 41.359994888305664 ], [ -70.617218017578125, 41.473878860473633 ], [ -70.506393432617188, 41.357217788696289 ] ] ], [ [ [ -71.297500610351562, 41.45860481262207 ], [ -71.35833740234375, 41.459161758422852 ], [ -71.222503662109375, 41.65416145324707 ], [ -71.297500610351562, 41.45860481262207 ] ] ], [ [ [ -68.803329467773438, 44.048051834106445 ], [ -68.898056030273438, 44.123880386352539 ], [ -68.764450073242188, 44.094995498657227 ], [ -68.803329467773438, 44.048051834106445 ] ] ], [ [ [ -68.650833129882812, 44.168886184692383 ], [ -68.721389770507812, 44.228876113891602 ], [ -68.668060302734375, 44.285272598266602 ], [ -68.650833129882812, 44.168886184692383 ] ] ], [ [ [ -68.320846557617188, 44.237215042114258 ], [ -68.428329467773438, 44.31999397277832 ], [ -68.2630615234375, 44.452775955200195 ], [ -68.1683349609375, 44.345544815063477 ], [ -68.320846557617188, 44.237215042114258 ] ] ], [ [ [ -123.93804931640625, 46.431108474731445 ], [ -123.94915771484375, 46.431108474731445 ], [ -123.983062744140625, 46.469156265258789 ], [ -123.972503662109375, 46.515275955200195 ], [ -123.93804931640625, 46.431108474731445 ] ] ], [ [ [ -122.843063354492188, 47.206941604614258 ], [ -122.9022216796875, 47.297494888305664 ], [ -122.845550537109375, 47.312494277954102 ], [ -122.843063354492188, 47.206941604614258 ] ] ], [ [ [ -122.482223510742188, 47.34971809387207 ], [ -122.4505615234375, 47.518327713012695 ], [ -122.381103515625, 47.394716262817383 ], [ -122.482223510742188, 47.34971809387207 ] ] ], [ [ [ -122.504730224609375, 48.309717178344727 ], [ -122.372222900390625, 47.919443130493164 ], [ -122.757781982421875, 48.233880996704102 ], [ -122.504730224609375, 48.309717178344727 ] ] ], [ [ [ -122.816673278808594, 48.416940689086914 ], [ -122.936111450195312, 48.457773208618164 ], [ -122.876663208007812, 48.564157485961914 ], [ -122.816673278808594, 48.416940689086914 ] ] ], [ [ [ -123.0, 48.446100234985352 ], [ -123.178329467773438, 48.592218399047852 ], [ -122.995002746582031, 48.529718399047852 ], [ -123.0, 48.446100234985352 ] ] ], [ [ [ -122.922500610351562, 48.711664199829102 ], [ -122.749160766601562, 48.651384353637695 ], [ -123.010276794433594, 48.603609085083008 ], [ -122.922500610351562, 48.711664199829102 ] ] ], [ [ [ -123.053329467773438, 48.973878860473633 ], [ -123.09375, 48.99943733215332 ], [ -123.034317016601562, 48.99943733215332 ], [ -123.053329467773438, 48.973878860473633 ] ] ], [ [ [ -95.07806396484375, 49.359163284301758 ], [ -94.6058349609375, 48.724435806274414 ], [ -92.95306396484375, 48.623323440551758 ], [ -91.4183349609375, 48.041109085083008 ], [ -90.868606567382812, 48.237497329711914 ], [ -89.356658935546875, 47.979715347290039 ], [ -88.368057250976562, 48.312211990356445 ], [ -84.856948852539062, 46.902215957641602 ], [ -84.56500244140625, 46.466386795043945 ], [ -84.126388549804688, 46.531938552856445 ], [ -83.958892822265625, 46.071664810180664 ], [ -83.577499389648438, 46.10527229309082 ], [ -83.5977783203125, 45.827219009399414 ], [ -82.543060302734375, 45.355829238891602 ], [ -82.130279541015625, 43.585268020629883 ], [ -82.521392822265625, 42.61888313293457 ], [ -83.168609619140625, 42.046106338500977 ], [ -82.6966552734375, 41.683877944946289 ], [ -78.9869384765625, 42.81999397277832 ], [ -79.184722900390625, 43.465547561645508 ], [ -78.724716186523438, 43.629434585571289 ], [ -76.80194091796875, 43.633607864379883 ], [ -74.990829467773438, 44.986658096313477 ], [ -70.87860107421875, 45.238603591918945 ], [ -69.232498168945312, 47.471376419067383 ], [ -67.794998168945312, 47.06999397277832 ], [ -67.799163818359375, 45.701105117797852 ], [ -67.20654296875, 45.183038711547852 ], [ -66.968887329101562, 44.831110000610352 ], [ -67.186935424804688, 44.661935806274414 ], [ -67.551101684570312, 44.666101455688477 ], [ -67.565277099609375, 44.550271987915039 ], [ -67.775283813476562, 44.546945571899414 ], [ -68.047500610351562, 44.346940994262695 ], [ -68.108612060546875, 44.460275650024414 ], [ -68.321151733398438, 44.465883255004883 ], [ -68.559158325195312, 44.418886184692383 ], [ -68.547500610351562, 44.317773818969727 ], [ -68.615829467773438, 44.30638313293457 ], [ -68.795272827148438, 44.579721450805664 ], [ -69.0675048828125, 44.063325881958008 ], [ -69.721939086914062, 43.785829544067383 ], [ -69.773330688476562, 44.079164505004883 ], [ -69.823898315429688, 43.714441299438477 ], [ -70.172500610351562, 43.780550003051758 ], [ -70.729171752929688, 43.122766494750977 ], [ -70.58056640625, 42.651933670043945 ], [ -71.044448852539062, 42.311105728149414 ], [ -70.324722290039062, 41.711381912231445 ], [ -70.011123657226562, 41.797220230102539 ], [ -70.078887939453125, 42.062211990356445 ], [ -69.936386108398438, 41.669443130493164 ], [ -71.185821533203125, 41.46666145324707 ], [ -71.111114501953125, 41.795000076293945 ], [ -71.391387939453125, 41.81193733215332 ], [ -71.505279541015625, 41.366937637329102 ], [ -72.906387329101562, 41.286111831665039 ], [ -73.997489929199219, 40.713460922241211 ], [ -73.9566650390625, 41.305269241333008 ], [ -74.2691650390625, 40.474710464477539 ], [ -73.952224731445312, 40.299997329711914 ], [ -74.076400756835938, 39.776941299438477 ], [ -74.053878784179688, 40.057497024536133 ], [ -74.150283813476562, 39.704996109008789 ], [ -74.405563354492188, 39.516107559204102 ], [ -74.462593078613281, 39.42106819152832 ], [ -74.415557861328125, 39.35527229309082 ], [ -74.955001831054688, 38.924165725708008 ], [ -74.89277458190918, 39.16777229309082 ], [ -75.5574951171875, 39.618051528930664 ], [ -75.028518676757812, 40.012308120727539 ], [ -75.588607788085938, 39.648881912231445 ], [ -75.04388427734375, 38.421663284301758 ], [ -75.960830688476562, 37.152215957641602 ], [ -75.64404296875, 37.961175918579102 ], [ -75.880828857421875, 37.949434280395508 ], [ -75.838058471679688, 38.398881912231445 ], [ -76.24249267578125, 38.366937637329102 ], [ -75.9566650390625, 38.64860725402832 ], [ -76.360000610351562, 38.857217788696289 ], [ -75.831680297851562, 39.577493667602539 ], [ -76.618606567382812, 39.254167556762695 ], [ -76.3760986328125, 38.363611221313477 ], [ -76.666107177734375, 38.480546951293945 ], [ -76.30999755859375, 38.046388626098633 ], [ -77.24444580078125, 38.398332595825195 ], [ -77.061111450195312, 38.905267715454102 ], [ -77.32000732421875, 38.345270156860352 ], [ -76.241668701171875, 37.904993057250977 ], [ -76.353607177734375, 37.618600845336914 ], [ -77.133895874023438, 38.172769546508789 ], [ -76.286666870117188, 37.567499160766602 ], [ -76.381103515625, 37.273881912231445 ], [ -76.682769775390625, 37.429719924926758 ], [ -76.26806640625, 37.078882217407227 ], [ -77.232223510742188, 37.296388626098633 ], [ -75.989990234375, 36.913881301879883 ], [ -75.5291748046875, 35.80388069152832 ], [ -75.938888549804688, 36.71666145324707 ], [ -75.785552978515625, 36.06999397277832 ], [ -76.195541381835938, 36.31999397277832 ], [ -76.06304931640625, 36.153322219848633 ], [ -76.656661987304688, 36.031106948852539 ], [ -76.70611572265625, 36.264162063598633 ], [ -76.730560302734375, 35.939432144165039 ], [ -76.070846557617188, 35.991937637329102 ], [ -76.0352783203125, 35.649995803833008 ], [ -75.853607177734375, 35.974992752075195 ], [ -75.72027587890625, 35.81443977355957 ], [ -76.149169921875, 35.336938858032227 ], [ -77.050827026367188, 35.530275344848633 ], [ -76.468887329101562, 35.271661758422852 ], [ -76.761398315429688, 34.987771987915039 ], [ -77.076400756835938, 35.156099319458008 ], [ -76.944442749023438, 34.977487564086914 ], [ -76.335830688476562, 34.886941909790039 ], [ -77.428878784179688, 34.741937637329102 ], [ -77.930831909179688, 33.927774429321289 ], [ -77.961669921875, 34.158601760864258 ], [ -78.013626098632812, 33.891939163208008 ], [ -78.827499389648438, 33.73027229309082 ], [ -79.196441650390625, 33.278940200805664 ], [ -79.1885986328125, 33.436380386352539 ], [ -79.271392822265625, 33.373323440551758 ], [ -79.205841064453125, 33.165544509887695 ], [ -79.371719360351562, 33.05894660949707 ], [ -79.381942749023438, 33.009721755981445 ], [ -80.671661376953125, 32.521661758422852 ], [ -80.46722412109375, 32.315828323364258 ], [ -80.836944580078125, 32.516664505004883 ], [ -80.669998168945312, 32.21415901184082 ], [ -81.4969482421875, 31.125555038452148 ], [ -81.255279541015625, 29.796667098999023 ], [ -80.552490234375, 28.524999618530273 ], [ -80.4466552734375, 27.864442825317383 ], [ -80.602218627929688, 28.607500076293945 ], [ -80.844161987304688, 28.790555953979492 ], [ -80.755569458007812, 28.415830612182617 ], [ -80.0333251953125, 26.786664962768555 ], [ -80.39862060546875, 25.184720993041992 ], [ -81.088058471679688, 25.11555290222168 ], [ -80.915283203125, 25.25139045715332 ], [ -81.336669921875, 25.804998397827148 ], [ -81.736587524414062, 25.959444046020508 ], [ -81.970054626464844, 26.482831954956055 ], [ -81.777786254882812, 26.710554122924805 ], [ -82.064163208007812, 26.545000076293945 ], [ -82.017227172851562, 26.964719772338867 ], [ -82.302780151367188, 26.837221145629883 ], [ -82.6552734375, 27.461664199829102 ], [ -82.422500610351562, 27.917497634887695 ], [ -82.691375732421875, 28.032220840454102 ], [ -82.722503662109375, 27.656942367553711 ], [ -82.85333251953125, 27.855276107788086 ], [ -82.631103515625, 28.88499641418457 ], [ -83.669448852539062, 29.906106948852539 ], [ -84.207504272460938, 30.105554580688477 ], [ -85.354171752929688, 29.676664352416992 ], [ -85.633941650390625, 30.104440689086914 ], [ -85.392227172851562, 30.049444198608398 ], [ -86.263336181640625, 30.496664047241211 ], [ -88.02362060546875, 30.219442367553711 ], [ -87.756393432617188, 30.285276412963867 ], [ -88.020278930664062, 30.701108932495117 ], [ -88.132766723632812, 30.314443588256836 ], [ -90.419723510742188, 30.198331832885742 ], [ -89.667221069335938, 30.167776107788086 ], [ -89.658050537109375, 29.87388801574707 ], [ -89.399444580078125, 30.050832748413086 ], [ -89.753341674804688, 29.630830764770508 ], [ -89.6763916015625, 29.523889541625977 ], [ -89.187210083007812, 29.339719772338867 ], [ -89.008346557617188, 29.176942825317383 ], [ -89.404998779296875, 28.926664352416992 ], [ -89.272781372070312, 29.155832290649414 ], [ -90.178329467773438, 29.572500228881836 ], [ -90.2066650390625, 29.091943740844727 ], [ -91.2469482421875, 29.24083137512207 ], [ -91.8416748046875, 29.830278396606445 ], [ -92.308334350585938, 29.53972053527832 ], [ -93.840286254882812, 29.704164505004883 ], [ -93.84527587890625, 29.98805046081543 ], [ -93.857498168945312, 29.676107406616211 ], [ -94.772506713867188, 29.363885879516602 ], [ -94.475830078125, 29.56138801574707 ], [ -95.059432983398438, 29.71888542175293 ], [ -94.8880615234375, 29.375555038452148 ], [ -94.902786254882812, 29.314443588256836 ], [ -95.093887329101562, 29.177774429321289 ], [ -95.140838623046875, 29.057500839233398 ], [ -96.212783813476562, 28.485551834106445 ], [ -95.985824584960938, 28.649164199829102 ], [ -96.641677856445312, 28.719717025756836 ], [ -96.398345947265625, 28.43610954284668 ], [ -96.803604125976562, 28.473051071166992 ], [ -97.184722900390625, 27.827497482299805 ], [ -97.520553588867188, 27.866388320922852 ], [ -97.411117553710938, 27.327497482299805 ], [ -97.773895263671875, 27.458887100219727 ], [ -97.42388916015625, 27.267499923706055 ], [ -97.559432983398438, 26.836111068725586 ], [ -97.140739440917969, 25.966428756713867 ], [ -99.104736328125, 26.434999465942383 ], [ -99.5050048828125, 27.570276260375977 ], [ -101.405014038085938, 29.77277946472168 ], [ -102.30584716796875, 29.889444351196289 ], [ -103.375, 29.023611068725586 ], [ -104.540008544921875, 29.671110153198242 ], [ -104.900558471679688, 30.572778701782227 ], [ -106.400848388671875, 31.750276565551758 ], [ -108.2086181640625, 31.783334732055664 ], [ -108.208343505859375, 31.33305549621582 ], [ -111.04583740234375, 31.33305549621582 ], [ -113.052886962890625, 31.971071243286133 ], [ -114.809829711914062, 32.506990432739258 ], [ -114.719093322753906, 32.71845817565918 ], [ -117.122373580932617, 32.535333633422852 ], [ -117.480827331542969, 33.327493667602539 ], [ -118.53472900390625, 34.05082893371582 ], [ -120.620269775390625, 34.570833206176758 ], [ -120.614166259765625, 35.135828018188477 ], [ -121.86749267578125, 36.312494277954102 ], [ -121.79638671875, 36.879434585571289 ], [ -122.488052368164062, 37.518327713012695 ], [ -122.386947631835938, 37.816667556762695 ], [ -122.005834579467773, 37.471376419067383 ], [ -122.393341064453125, 37.957773208618164 ], [ -122.240547180175781, 38.059160232543945 ], [ -121.419998168945312, 38.012773513793945 ], [ -121.576683044433594, 38.11583137512207 ], [ -121.736106872558594, 38.044717788696289 ], [ -122.018623352050781, 38.148115158081055 ], [ -122.109733581542969, 38.061380386352539 ], [ -122.365280151367188, 38.155550003051758 ], [ -122.491378784179688, 37.827775955200195 ], [ -122.9970703125, 38.005109786987305 ], [ -122.964561462402344, 38.239614486694336 ], [ -122.803594589233398, 38.088045120239258 ], [ -123.104721069335938, 38.46110725402832 ], [ -123.70361328125, 38.932497024536133 ], [ -123.775833129882812, 39.71721076965332 ], [ -124.332229614257812, 40.266107559204102 ], [ -124.039993286132812, 41.431108474731445 ], [ -124.524436950683594, 42.866106033325195 ], [ -124.138343811035156, 43.371103286743164 ], [ -123.951950073242188, 46.181108474731445 ], [ -123.16357421875, 46.195192337036133 ], [ -124.0, 46.323610305786133 ], [ -124.042770385742188, 46.658044815063477 ], [ -124.015838623046875, 46.654436111450195 ], [ -123.989990234375, 46.397775650024414 ], [ -123.941673278808594, 46.391107559204102 ], [ -123.7525634765625, 46.693071365356445 ], [ -124.097503662109375, 46.861383438110352 ], [ -123.796661376953125, 46.976099014282227 ], [ -124.161941528320312, 46.941102981567383 ], [ -124.715843200683594, 48.395273208618164 ], [ -122.751106262207031, 48.161104202270508 ], [ -122.630279541015625, 47.915826797485352 ], [ -123.147506713867188, 47.368600845336914 ], [ -122.836402893066406, 47.439157485961914 ], [ -123.102493286132812, 47.399721145629883 ], [ -122.5655517578125, 47.938043594360352 ], [ -122.454727172851562, 47.774438858032227 ], [ -122.54998779296875, 47.282770156860352 ], [ -122.619163513183594, 47.420549392700195 ], [ -122.758621215820312, 47.189714431762695 ], [ -122.797500610351562, 47.395273208618164 ], [ -123.068618774414062, 47.15165901184082 ], [ -122.87860107421875, 47.064157485961914 ], [ -122.309722900390625, 47.401102066040039 ], [ -122.379173278808594, 48.291666030883789 ], [ -122.704452514648438, 48.486108779907227 ], [ -122.4375, 48.598047256469727 ], [ -122.760299682617188, 48.99943733215332 ], [ -95.1541748046875, 48.99943733215332 ], [ -95.07806396484375, 49.359163284301758 ] ], [ [ -122.495826721191406, 47.595544815063477 ], [ -122.503341674804688, 47.715272903442383 ], [ -122.581680297851562, 47.671663284301758 ], [ -122.495826721191406, 47.595544815063477 ] ], [ [ -123.9385986328125, 45.536661148071289 ], [ -123.916946411132812, 45.56443977355957 ], [ -123.934432983398438, 45.558328628540039 ], [ -123.9385986328125, 45.536661148071289 ] ], [ [ -77.851669311523438, 34.111108779907227 ], [ -77.820846557617188, 34.175271987915039 ], [ -77.8558349609375, 34.149164199829102 ], [ -77.851669311523438, 34.111108779907227 ] ] ], [ [ [ -179.10528564453125, 51.213052749633789 ], [ -179.141998291015625, 51.268594741821289 ], [ -179.087249755859375, 51.290834426879883 ], [ -179.10528564453125, 51.213052749633789 ] ] ], [ [ [ -178.962493896484375, 51.311662673950195 ], [ -178.949981689453125, 51.396936416625977 ], [ -178.90032958984375, 51.354997634887695 ], [ -178.962493896484375, 51.311662673950195 ] ] ], [ [ [ 178.993013381958008, 51.57499885559082 ], [ 179.471345901489258, 51.367494583129883 ], [ 178.636384963989258, 51.637773513793945 ], [ 178.993013381958008, 51.57499885559082 ] ] ], [ [ [ -178.7769775390625, 51.745538711547852 ], [ -178.842529296875, 51.819154739379883 ], [ -178.7427978515625, 51.807771682739258 ], [ -178.7769775390625, 51.745538711547852 ] ] ], [ [ [ 178.392213821411133, 51.763055801391602 ], [ 178.223024368286133, 51.830827713012695 ], [ 178.329957962036133, 51.814996719360352 ], [ 178.392213821411133, 51.763055801391602 ] ] ], [ [ [ -176.0128173828125, 51.830270767211914 ], [ -176.143341064453125, 51.774438858032227 ], [ -176.219451904296875, 51.831384658813477 ], [ -176.0128173828125, 51.830270767211914 ] ] ], [ [ [ -176.33642578125, 51.721658706665039 ], [ -176.41448974609375, 51.854997634887695 ], [ -176.2769775390625, 51.860269546508789 ], [ -176.33642578125, 51.721658706665039 ] ] ], [ [ [ -177.81390380859375, 51.719705581665039 ], [ -177.949981689453125, 51.606378555297852 ], [ -178.21807861328125, 51.87193489074707 ], [ -177.81390380859375, 51.719705581665039 ] ] ], [ [ [ -176.55059814453125, 51.905824661254883 ], [ -176.42974853515625, 51.730264663696289 ], [ -176.97503662109375, 51.595819473266602 ], [ -176.55059814453125, 51.905824661254883 ] ] ], [ [ [ -175.95111083984375, 51.868875503540039 ], [ -176.09307861328125, 51.885263442993164 ], [ -176.001953125, 51.908876419067383 ], [ -175.95111083984375, 51.868875503540039 ] ] ], [ [ [ -177.122222900390625, 51.784433364868164 ], [ -177.7044677734375, 51.700830459594727 ], [ -177.157257080078125, 51.938325881958008 ], [ -177.122222900390625, 51.784433364868164 ] ] ], [ [ [ -175.72503662109375, 51.930551528930664 ], [ -175.72918701171875, 51.966104507446289 ], [ -175.657501220703125, 51.956941604614258 ], [ -175.72503662109375, 51.930551528930664 ] ] ], [ [ [ -175.864990234375, 51.96360969543457 ], [ -175.946685791015625, 51.97886848449707 ], [ -175.80194091796875, 51.982202529907227 ], [ -175.864990234375, 51.96360969543457 ] ] ], [ [ [ 178.536928176879883, 51.893610000610352 ], [ 178.468294143676758, 51.984720230102539 ], [ 178.606081008911133, 51.947771072387695 ], [ 178.536928176879883, 51.893610000610352 ] ] ], [ [ [ 179.737459182739258, 51.903047561645508 ], [ 179.486085891723633, 51.97221565246582 ], [ 179.658601760864258, 52.024713516235352 ], [ 179.737459182739258, 51.903047561645508 ] ] ], [ [ [ 177.684694290161133, 52.079996109008789 ], [ 177.604951858520508, 51.92027473449707 ], [ 177.241060256958008, 51.87693977355957 ], [ 177.684694290161133, 52.079996109008789 ] ] ], [ [ [ -176.0372314453125, 51.964433670043945 ], [ -176.19085693359375, 52.059991836547852 ], [ -176.046112060546875, 52.10222053527832 ], [ -176.0372314453125, 51.964433670043945 ] ] ], [ [ [ -173.515869140625, 52.106935501098633 ], [ -172.955596923828125, 52.085542678833008 ], [ -174.056976318359375, 52.120271682739258 ], [ -173.515869140625, 52.106935501098633 ] ] ], [ [ [ 175.961091995239258, 52.335550308227539 ], [ 175.881898880004883, 52.372491836547852 ], [ 175.987733840942383, 52.353609085083008 ], [ 175.961091995239258, 52.335550308227539 ] ] ], [ [ [ -172.38836669921875, 52.28972053527832 ], [ -172.6280517578125, 52.258325576782227 ], [ -172.438323974609375, 52.391931533813477 ], [ -172.38836669921875, 52.28972053527832 ] ] ], [ [ [ -173.99530029296875, 52.291101455688477 ], [ -175.335845947265625, 52.014154434204102 ], [ -174.184478759765625, 52.416940689086914 ], [ -173.99530029296875, 52.291101455688477 ] ] ], [ [ [ 173.787752151489258, 52.501108169555664 ], [ 173.735506057739258, 52.353326797485352 ], [ 173.375246047973633, 52.399438858032227 ], [ 173.787752151489258, 52.501108169555664 ] ] ], [ [ [ -171.235260009765625, 52.450830459594727 ], [ -171.30804443359375, 52.499429702758789 ], [ -171.21722412109375, 52.51054573059082 ], [ -171.235260009765625, 52.450830459594727 ] ] ], [ [ [ -170.605560302734375, 52.590829849243164 ], [ -170.8416748046875, 52.554155349731445 ], [ -170.6761474609375, 52.694154739379883 ], [ -170.605560302734375, 52.590829849243164 ] ] ], [ [ [ 174.177766799926758, 52.70555305480957 ], [ 174.074129104614258, 52.711381912231445 ], [ 174.102174758911133, 52.741106033325195 ], [ 174.177766799926758, 52.70555305480957 ] ] ], [ [ [ -170.11474609375, 52.718324661254883 ], [ -170.17999267578125, 52.783876419067383 ], [ -170.05499267578125, 52.765268325805664 ], [ -170.11474609375, 52.718324661254883 ] ] ], [ [ [ -169.675048828125, 52.817773818969727 ], [ -170.0130615234375, 52.818330764770508 ], [ -169.781158447265625, 52.885263442993164 ], [ -169.675048828125, 52.817773818969727 ] ] ], [ [ [ -170.04083251953125, 52.853044509887695 ], [ -170.127471923828125, 52.88859748840332 ], [ -169.993894577026367, 52.901933670043945 ], [ -170.04083251953125, 52.853044509887695 ] ] ], [ [ [ 173.299989700317383, 52.882211685180664 ], [ 172.928590774536133, 52.74388313293457 ], [ 172.476350784301758, 52.924440383911133 ], [ 173.299989700317383, 52.882211685180664 ] ] ], [ [ [ -169.724456787109375, 52.943315505981445 ], [ -169.75250244140625, 53.026376724243164 ], [ -169.67669677734375, 53.03166389465332 ], [ -169.724456787109375, 52.943315505981445 ] ] ], [ [ [ -168.24359130859375, 53.251100540161133 ], [ -169.086700439453125, 52.82805061340332 ], [ -168.351959228515625, 53.475549697875977 ], [ -167.795318603515625, 53.495538711547852 ], [ -168.24359130859375, 53.251100540161133 ] ] ], [ [ [ -166.209991455078125, 53.705270767211914 ], [ -166.2933349609375, 53.793054580688477 ], [ -166.09002685546875, 53.839433670043945 ], [ -166.209991455078125, 53.705270767211914 ] ] ], [ [ [ -166.60748291015625, 53.829721450805664 ], [ -166.21502685546875, 53.928323745727539 ], [ -166.752838134765625, 53.446382522583008 ], [ -167.84637451171875, 53.308595657348633 ], [ -166.80389404296875, 53.648874282836914 ], [ -167.024200439453125, 53.955545425415039 ], [ -166.60748291015625, 53.829721450805664 ] ] ], [ [ [ -165.251708984375, 54.07609748840332 ], [ -165.29779052734375, 54.037492752075195 ], [ -165.48193359375, 54.074434280395508 ], [ -165.251708984375, 54.07609748840332 ] ] ], [ [ [ -164.939208984375, 54.12693977355957 ], [ -164.965576171875, 54.075273513793945 ], [ -165.221923828125, 54.089990615844727 ], [ -164.939208984375, 54.12693977355957 ] ] ], [ [ [ -165.69696044921875, 54.084718704223633 ], [ -166.123077392578125, 54.11638069152832 ], [ -165.938323974609375, 54.220544815063477 ], [ -165.69696044921875, 54.084718704223633 ] ] ], [ [ [ -165.560577392578125, 54.110269546508789 ], [ -165.681976318359375, 54.238046646118164 ], [ -165.486419677734375, 54.288049697875977 ], [ -165.560577392578125, 54.110269546508789 ] ] ], [ [ [ -162.40057373046875, 54.369440078735352 ], [ -162.489715576171875, 54.40971565246582 ], [ -162.368316650390625, 54.388330459594727 ], [ -162.40057373046875, 54.369440078735352 ] ] ], [ [ [ -162.54388427734375, 54.381380081176758 ], [ -162.786407470703125, 54.414712905883789 ], [ -162.83111572265625, 54.494157791137695 ], [ -162.54388427734375, 54.381380081176758 ] ] ], [ [ [ -132.61944580078125, 54.75444221496582 ], [ -132.7811279296875, 54.925271987915039 ], [ -132.618865966796875, 54.89610481262207 ], [ -132.61944580078125, 54.75444221496582 ] ] ], [ [ [ -159.295013427734375, 54.866937637329102 ], [ -159.33612060546875, 54.927217483520508 ], [ -159.206939697265625, 54.924440383911133 ], [ -159.295013427734375, 54.866937637329102 ] ] ], [ [ [ -163.41363525390625, 54.891107559204102 ], [ -163.3699951171875, 54.784997940063477 ], [ -163.14501953125, 54.766107559204102 ], [ -163.048614501953125, 54.668329238891602 ], [ -164.95220947265625, 54.575830459594727 ], [ -164.432769775390625, 54.930551528930664 ], [ -163.41363525390625, 54.891107559204102 ] ] ], [ [ [ -162.293060302734375, 54.834161758422852 ], [ -162.4344482421875, 54.931108474731445 ], [ -162.232757568359375, 54.965272903442383 ], [ -162.293060302734375, 54.834161758422852 ] ] ], [ [ [ -131.325836181640625, 54.856943130493164 ], [ -131.482757568359375, 54.930826187133789 ], [ -131.23638916015625, 54.995271682739258 ], [ -131.325836181640625, 54.856943130493164 ] ] ], [ [ [ -159.434173583984375, 54.940546035766602 ], [ -159.479154586791992, 55.014162063598633 ], [ -159.34942626953125, 55.049165725708008 ], [ -159.434173583984375, 54.940546035766602 ] ] ], [ [ [ -161.739715576171875, 55.056100845336914 ], [ -161.906951904296875, 55.151384353637695 ], [ -161.641387939453125, 55.11332893371582 ], [ -161.739715576171875, 55.056100845336914 ] ] ], [ [ [ -132.674713134765625, 55.033052444458008 ], [ -132.864715576171875, 55.029993057250977 ], [ -132.85333251953125, 55.159433364868164 ], [ -132.674713134765625, 55.033052444458008 ] ] ], [ [ [ -131.42584228515625, 55.21110725402832 ], [ -131.372222900390625, 55.013612747192383 ], [ -131.61749267578125, 55.011110305786133 ], [ -131.42584228515625, 55.21110725402832 ] ] ], [ [ [ -132.8358154296875, 54.889162063598633 ], [ -132.67999267578125, 54.666101455688477 ], [ -133.195556640625, 55.23027229309082 ], [ -132.8358154296875, 54.889162063598633 ] ] ], [ [ [ -159.51947021484375, 55.064157485961914 ], [ -159.65557861328125, 55.054994583129883 ], [ -159.5352783203125, 55.247491836547852 ], [ -159.51947021484375, 55.064157485961914 ] ] ], [ [ [ -161.56195068359375, 55.218050003051758 ], [ -161.70611572265625, 55.204713821411133 ], [ -161.53363037109375, 55.252779006958008 ], [ -161.56195068359375, 55.218050003051758 ] ] ], [ [ [ -159.84332275390625, 55.13249397277832 ], [ -160.244720458984375, 54.901384353637695 ], [ -159.8822021484375, 55.290834426879883 ], [ -159.84332275390625, 55.13249397277832 ] ] ], [ [ [ -133.249725341796875, 55.209161758422852 ], [ -133.439453125, 55.301935195922852 ], [ -133.296661376953125, 55.33055305480957 ], [ -133.249725341796875, 55.209161758422852 ] ] ], [ [ [ -160.33306884765625, 55.248048782348633 ], [ -160.528076171875, 55.320550918579102 ], [ -160.346954345703125, 55.368600845336914 ], [ -160.33306884765625, 55.248048782348633 ] ] ], [ [ [ -160.695556640625, 55.399995803833008 ], [ -160.461669921875, 55.187211990356445 ], [ -160.81640625, 55.118326187133789 ], [ -160.695556640625, 55.399995803833008 ] ] ], [ [ [ -133.59832763671875, 55.233880996704102 ], [ -133.653623580932617, 55.369440078735352 ], [ -133.44696044921875, 55.410272598266602 ], [ -133.59832763671875, 55.233880996704102 ] ] ], [ [ [ -131.725006103515625, 55.134721755981445 ], [ -131.846099853515625, 55.419992446899414 ], [ -131.61663818359375, 55.283609390258789 ], [ -131.725006103515625, 55.134721755981445 ] ] ], [ [ [ -163.146392822265625, 55.393327713012695 ], [ -163.194732666015625, 55.421937942504883 ], [ -163.136962890625, 55.436105728149414 ], [ -163.146392822265625, 55.393327713012695 ] ] ], [ [ [ -160.17889404296875, 55.39610481262207 ], [ -160.341949462890625, 55.416940689086914 ], [ -160.249725341796875, 55.463052749633789 ], [ -160.17889404296875, 55.39610481262207 ] ] ], [ [ [ -133.5050048828125, 55.427217483520508 ], [ -133.601654052734375, 55.447488784790039 ], [ -133.42138671875, 55.483606338500977 ], [ -133.5050048828125, 55.427217483520508 ] ] ], [ [ [ -133.57806396484375, 55.497774124145508 ], [ -133.758056640625, 55.487215042114258 ], [ -133.702484130859375, 55.551385879516602 ], [ -133.57806396484375, 55.497774124145508 ] ] ], [ [ [ -133.289459228515625, 55.475824356079102 ], [ -133.436676025390625, 55.527490615844727 ], [ -133.308349609375, 55.554712295532227 ], [ -133.289459228515625, 55.475824356079102 ] ] ], [ [ [ -133.505584716796875, 55.693323135375977 ], [ -133.67779541015625, 55.78416633605957 ], [ -133.29974365234375, 55.793611526489258 ], [ -133.505584716796875, 55.693323135375977 ] ] ], [ [ [ -133.242218017578125, 55.77665901184082 ], [ -133.32916259765625, 55.87748908996582 ], [ -133.215545654296875, 55.861940383911133 ], [ -133.242218017578125, 55.77665901184082 ] ] ], [ [ [ -158.864166259765625, 55.80388069152832 ], [ -158.832763671875, 55.893884658813477 ], [ -158.709716796875, 55.831384658813477 ], [ -158.864166259765625, 55.80388069152832 ] ] ], [ [ [ -134.249725341796875, 55.81944465637207 ], [ -134.338897705078125, 55.918054580688477 ], [ -134.096649169921875, 55.918329238891602 ], [ -134.249725341796875, 55.81944465637207 ] ] ], [ [ [ -155.580291748046875, 55.774438858032227 ], [ -155.739990234375, 55.828607559204102 ], [ -155.56390380859375, 55.918603897094727 ], [ -155.580291748046875, 55.774438858032227 ] ] ], [ [ [ -133.8477783203125, 55.847490310668945 ], [ -133.927215576171875, 55.911935806274414 ], [ -133.8477783203125, 55.935266494750977 ], [ -133.8477783203125, 55.847490310668945 ] ] ], [ [ [ -131.050567626953125, 55.799722671508789 ], [ -131.142791748046875, 55.196939468383789 ], [ -131.461669921875, 55.286111831665039 ], [ -131.348876953125, 55.644998550415039 ], [ -131.521942138671875, 55.293054580688477 ], [ -131.822235107421875, 55.450273513793945 ], [ -131.68389892578125, 55.833330154418945 ], [ -131.2650146484375, 55.960824966430664 ], [ -131.050567626953125, 55.799722671508789 ] ] ], [ [ [ -131.51947021484375, 55.915544509887695 ], [ -131.576934814453125, 55.931940078735352 ], [ -131.399444580078125, 55.963884353637695 ], [ -131.51947021484375, 55.915544509887695 ] ] ], [ [ [ -133.695281982421875, 55.896387100219727 ], [ -133.679718017578125, 56.066385269165039 ], [ -133.278076171875, 56.139719009399414 ], [ -133.695281982421875, 55.896387100219727 ] ] ], [ [ [ -133.931121826171875, 56.288331985473633 ], [ -133.94805908203125, 56.301935195922852 ], [ -133.925567626953125, 56.298051834106445 ], [ -133.931121826171875, 56.288331985473633 ] ] ], [ [ [ -133.48858642578125, 56.336938858032227 ], [ -132.1441650390625, 55.480546951293945 ], [ -132.5625, 55.567773818969727 ], [ -131.98858642578125, 55.264162063598633 ], [ -132.218597412109375, 54.992494583129883 ], [ -131.963043212890625, 55.025827407836914 ], [ -132.00390625, 54.690546035766602 ], [ -132.641387939453125, 55.250276565551758 ], [ -133.222503662109375, 55.283052444458008 ], [ -132.86749267578125, 55.353883743286133 ], [ -133.12860107421875, 55.494714736938477 ], [ -132.908355712890625, 55.628046035766602 ], [ -133.372222900390625, 55.620546340942383 ], [ -133.135009765625, 55.881105422973633 ], [ -133.25836181640625, 56.152490615844727 ], [ -133.617218017578125, 56.207498550415039 ], [ -133.48858642578125, 56.336938858032227 ] ] ], [ [ [ -132.094451904296875, 56.093324661254883 ], [ -132.318878173828125, 55.912210464477539 ], [ -132.716949462890625, 56.151384353637695 ], [ -132.41778564453125, 56.350831985473633 ], [ -132.094451904296875, 56.093324661254883 ] ] ], [ [ [ -132.817230224609375, 56.233880996704102 ], [ -133.057769775390625, 56.347490310668945 ], [ -132.63555908203125, 56.434160232543945 ], [ -132.817230224609375, 56.233880996704102 ] ] ], [ [ [ -132.500852584838867, 56.353326797485352 ], [ -132.493865966796875, 56.435823440551758 ], [ -132.386688232421875, 56.39860725402832 ], [ -132.500852584838867, 56.353326797485352 ] ] ], [ [ [ -132.132476806640625, 56.345270156860352 ], [ -132.056121826171875, 56.111383438110352 ], [ -132.373870849609375, 56.484437942504883 ], [ -132.132476806640625, 56.345270156860352 ] ] ], [ [ [ -153.958892822265625, 56.502779006958008 ], [ -154.13446044921875, 56.505556106567383 ], [ -153.873870849609375, 56.553323745727539 ], [ -153.958892822265625, 56.502779006958008 ] ] ], [ [ [ -156.99664306640625, 56.555551528930664 ], [ -157.3297119140625, 56.535829544067383 ], [ -157.251678466796875, 56.581666946411133 ], [ -156.99664306640625, 56.555551528930664 ] ] ], [ [ [ -132.3980712890625, 56.58360481262207 ], [ -132.43499755859375, 56.589715957641602 ], [ -132.379425048828125, 56.600549697875977 ], [ -132.3980712890625, 56.58360481262207 ] ] ], [ [ [ -154.48138427734375, 56.60169792175293 ], [ -154.402801513671875, 56.546663284301758 ], [ -154.7874755859375, 56.414968490600586 ], [ -154.48138427734375, 56.60169792175293 ] ] ], [ [ [ -154.211944580078125, 56.498880386352539 ], [ -154.35247802734375, 56.541666030883789 ], [ -154.084991455078125, 56.608049392700195 ], [ -154.211944580078125, 56.498880386352539 ] ] ], [ [ [ -169.673370361328125, 56.608598709106445 ], [ -169.47137451171875, 56.59221076965332 ], [ -169.7861328125, 56.613885879516602 ], [ -169.673370361328125, 56.608598709106445 ] ] ], [ [ [ -132.7730712890625, 56.494714736938477 ], [ -132.87359619140625, 56.796106338500977 ], [ -132.528900146484375, 56.595270156860352 ], [ -132.7730712890625, 56.494714736938477 ] ] ], [ [ [ -133.98748779296875, 56.870828628540039 ], [ -133.902801513671875, 56.753053665161133 ], [ -134.02471923828125, 56.647218704223633 ], [ -133.83056640625, 56.796106338500977 ], [ -133.691375732421875, 56.59971809387207 ], [ -133.920562744140625, 56.614160537719727 ], [ -133.846099853515625, 56.290834426879883 ], [ -133.97320556640625, 56.356103897094727 ], [ -133.97332763671875, 56.081666946411133 ], [ -134.0655517578125, 56.305826187133789 ], [ -134.123046875, 55.995828628540039 ], [ -134.065277099609375, 56.550546646118164 ], [ -134.408905029296875, 56.829439163208008 ], [ -133.98748779296875, 56.870828628540039 ] ] ], [ [ [ -133.317779541015625, 56.99388313293457 ], [ -132.925018310546875, 56.643327713012695 ], [ -133.3519287109375, 56.838602066040039 ], [ -133.081939697265625, 56.523881912231445 ], [ -133.5755615234375, 56.433603286743164 ], [ -133.69696044921875, 56.831941604614258 ], [ -133.89056396484375, 56.896944046020508 ], [ -133.736114501953125, 56.89305305480957 ], [ -134.01806640625, 57.014719009399414 ], [ -133.317779541015625, 56.99388313293457 ] ] ], [ [ [ -153.25335693359375, 56.998331069946289 ], [ -153.407501220703125, 57.072771072387695 ], [ -153.234161376953125, 57.205827713012695 ], [ -152.883056640625, 57.150270462036133 ], [ -153.25335693359375, 56.998331069946289 ] ] ], [ [ [ -170.1661376953125, 57.16331672668457 ], [ -170.4139404296875, 57.174165725708008 ], [ -170.15057373046875, 57.228326797485352 ], [ -170.1661376953125, 57.16331672668457 ] ] ], [ [ [ -135.79583740234375, 56.986383438110352 ], [ -135.710540771484375, 57.323610305786133 ], [ -135.546112060546875, 57.129434585571289 ], [ -135.79583740234375, 56.986383438110352 ] ] ], [ [ [ -134.9375, 57.358888626098633 ], [ -134.653623580932617, 56.163049697875977 ], [ -135.67279052734375, 57.351938247680664 ], [ -134.9375, 57.358888626098633 ] ] ], [ [ [ -134.792510986328125, 57.300271987915039 ], [ -134.974700927734375, 57.41526985168457 ], [ -134.813629150390625, 57.416940689086914 ], [ -134.792510986328125, 57.300271987915039 ] ] ], [ [ [ -153.208892822265625, 57.812494277954102 ], [ -153.536407470703125, 57.934717178344727 ], [ -153.35333251953125, 57.936380386352539 ], [ -153.269744873046875, 57.899164199829102 ], [ -153.208892822265625, 57.812494277954102 ] ] ], [ [ [ -152.35443115234375, 57.890275955200195 ], [ -152.50335693359375, 57.933053970336914 ], [ -152.417236328125, 57.976381301879883 ], [ -152.35443115234375, 57.890275955200195 ] ] ], [ [ [ -153.116943359375, 57.94999885559082 ], [ -152.151397705078125, 57.604440689086914 ], [ -153.022796630859375, 57.473604202270508 ], [ -152.5958251953125, 57.369989395141602 ], [ -153.169464111328125, 57.345544815063477 ], [ -152.95611572265625, 57.253885269165039 ], [ -153.260284423828125, 57.22776985168457 ], [ -153.5, 57.063882827758789 ], [ -153.731658935546875, 57.059717178344727 ], [ -153.54998779296875, 56.983049392700195 ], [ -153.979705810546875, 56.738603591918945 ], [ -153.737762451171875, 57.130823135375977 ], [ -154.47943115234375, 57.120271682739258 ], [ -154.101104736328125, 57.116388320922852 ], [ -154.29779052734375, 56.848878860473633 ], [ -154.801116943359375, 57.286111831665039 ], [ -154.20721435546875, 57.666666030883789 ], [ -153.6280517578125, 57.269441604614258 ], [ -153.880279541015625, 57.64305305480957 ], [ -153.58111572265625, 57.612497329711914 ], [ -153.9283447265625, 57.811105728149414 ], [ -153.4969482421875, 57.627214431762695 ], [ -153.315277099609375, 57.725824356079102 ], [ -153.479154586791992, 57.839433670043945 ], [ -153.213043212890625, 57.788331985473633 ], [ -153.15057373046875, 57.863885879516602 ], [ -153.048065185546875, 57.827493667602539 ], [ -153.292236328125, 58.001665115356445 ], [ -153.116943359375, 57.94999885559082 ] ] ], [ [ [ -153.185272216796875, 58.092493057250977 ], [ -152.887786865234375, 57.991106033325195 ], [ -153.418060302734375, 58.05888557434082 ], [ -153.185272216796875, 58.092493057250977 ] ] ], [ [ [ -136.437225341796875, 57.846384048461914 ], [ -136.48443603515625, 58.093324661254883 ], [ -136.33056640625, 58.010278701782227 ], [ -136.437225341796875, 57.846384048461914 ] ] ], [ [ [ -135.742767333984375, 58.256105422973633 ], [ -135.48248291015625, 58.155550003051758 ], [ -135.707763671875, 57.978326797485352 ], [ -134.9302978515625, 58.028047561645508 ], [ -135.2047119140625, 57.942216873168945 ], [ -135.01055908203125, 57.776941299438477 ], [ -135.88751220703125, 57.988603591918945 ], [ -135.296966552734375, 57.731660842895508 ], [ -134.921661376953125, 57.75694465637207 ], [ -134.84332275390625, 57.462770462036133 ], [ -135.804168701171875, 57.763330459594727 ], [ -135.54278564453125, 57.47221565246582 ], [ -135.830841064453125, 57.385828018188477 ], [ -136.4122314453125, 57.815828323364258 ], [ -136.02972412109375, 57.849161148071289 ], [ -136.352203369140625, 58.219438552856445 ], [ -135.742767333984375, 58.256105422973633 ] ] ], [ [ [ -151.84722900390625, 58.169717788696289 ], [ -151.896665573120117, 58.194154739379883 ], [ -151.835540771484375, 58.26860237121582 ], [ -151.84722900390625, 58.169717788696289 ] ] ], [ [ [ -134.454437255859375, 58.313325881958008 ], [ -134.259735107421875, 58.19499397277832 ], [ -134.68389892578125, 58.298334121704102 ], [ -134.56695556640625, 58.340829849243164 ], [ -134.454437255859375, 58.313325881958008 ] ] ], [ [ [ -152.4091796875, 58.365549087524414 ], [ -151.9727783203125, 58.233049392700195 ], [ -153.23138427734375, 58.169160842895508 ], [ -152.4091796875, 58.365549087524414 ] ] ], [ [ [ -134.674713134765625, 58.160547256469727 ], [ -134.169158935546875, 58.15971565246582 ], [ -133.875823974609375, 57.672769546508789 ], [ -134.288604736328125, 58.077219009399414 ], [ -133.860260009765625, 57.360551834106445 ], [ -134.486663818359375, 57.025552749633789 ], [ -134.613311767578125, 57.224992752075195 ], [ -134.310272216796875, 57.33610725402832 ], [ -134.572509765625, 57.489717483520508 ], [ -134.3497314453125, 57.54277229309082 ], [ -134.654449462890625, 57.598329544067383 ], [ -134.9566650390625, 58.407770156860352 ], [ -134.674713134765625, 58.160547256469727 ] ] ], [ [ [ -152.493865966796875, 58.47221565246582 ], [ -152.660552978515625, 58.543329238891602 ], [ -152.3458251953125, 58.627214431762695 ], [ -152.493865966796875, 58.47221565246582 ] ] ], [ [ [ -160.956939697265625, 58.556940078735352 ], [ -161.11309814453125, 58.655275344848633 ], [ -160.687225341796875, 58.818330764770508 ], [ -160.956939697265625, 58.556940078735352 ] ] ], [ [ [ -152.313323974609375, 58.908327102661133 ], [ -152.360260009765625, 58.916383743286133 ], [ -152.161407470703125, 58.942216873168945 ], [ -152.313323974609375, 58.908327102661133 ] ] ], [ [ [ -150.691680908203125, 59.306657791137695 ], [ -150.77667236328125, 59.328882217407227 ], [ -150.61663818359375, 59.389719009399414 ], [ -150.691680908203125, 59.306657791137695 ] ] ], [ [ [ -153.411407470703125, 59.330278396606445 ], [ -153.552215576171875, 59.364717483520508 ], [ -153.403076171875, 59.406938552856445 ], [ -153.411407470703125, 59.330278396606445 ] ] ], [ [ [ -150.3114013671875, 59.420549392700195 ], [ -150.440277099609375, 59.401102066040039 ], [ -150.29278564453125, 59.463052749633789 ], [ -150.3114013671875, 59.420549392700195 ] ] ], [ [ [ -144.584991455078125, 59.810274124145508 ], [ -144.50390625, 59.894441604614258 ], [ -144.208892822265625, 60.005556106567383 ], [ -144.584991455078125, 59.810274124145508 ] ] ], [ [ [ -148.1611328125, 59.941102981567383 ], [ -148.245819091796875, 59.94249153137207 ], [ -147.992218017578125, 60.040277481079102 ], [ -148.1611328125, 59.941102981567383 ] ] ], [ [ [ -148.027801513671875, 59.946657180786133 ], [ -147.883331298828125, 60.067216873168945 ], [ -147.817230224609375, 60.068887710571289 ], [ -148.027801513671875, 59.946657180786133 ] ] ], [ [ [ -148.11553955078125, 59.99638557434082 ], [ -147.96722412109375, 60.153047561645508 ], [ -147.87664794921875, 60.103883743286133 ], [ -148.11553955078125, 59.99638557434082 ] ] ], [ [ [ -148.033905029296875, 60.189432144165039 ], [ -148.151397705078125, 60.041940689086914 ], [ -148.309722900390625, 60.029718399047852 ], [ -148.033905029296875, 60.189432144165039 ] ] ], [ [ [ -147.8499755859375, 59.776941299438477 ], [ -147.193603515625, 60.353326797485352 ], [ -146.92333984375, 60.309160232543945 ], [ -147.8499755859375, 59.776941299438477 ] ] ], [ [ [ -147.711944580078125, 60.376100540161133 ], [ -147.759735107421875, 60.165544509887695 ], [ -147.90972900390625, 60.234720230102539 ], [ -147.711944580078125, 60.376100540161133 ] ] ], [ [ [ -148.079437255859375, 60.282770156860352 ], [ -148.14251708984375, 60.320550918579102 ], [ -147.983306884765625, 60.383882522583008 ], [ -148.079437255859375, 60.282770156860352 ] ] ], [ [ [ -166.109710693359375, 60.39915657043457 ], [ -165.681427001953125, 60.294717788696289 ], [ -165.559722900390625, 59.923608779907227 ], [ -166.19305419921875, 59.754434585571289 ], [ -167.418060302734375, 60.189424514770508 ], [ -166.109710693359375, 60.39915657043457 ] ] ], [ [ [ -146.3538818359375, 60.407495498657227 ], [ -146.078887939453125, 60.405267715454102 ], [ -146.724151611328125, 60.374711990356445 ], [ -146.3538818359375, 60.407495498657227 ] ] ], [ [ [ -145.122772216796875, 60.307214736938477 ], [ -145.281951904296875, 60.329996109008789 ], [ -145.086944580078125, 60.416666030883789 ], [ -145.122772216796875, 60.307214736938477 ] ] ], [ [ [ -172.520294189453125, 60.388330459594727 ], [ -172.20697021484375, 60.313043594360352 ], [ -173.05364990234375, 60.497209548950195 ], [ -172.520294189453125, 60.388330459594727 ] ] ], [ [ [ -151.95556640625, 60.422769546508789 ], [ -151.95111083984375, 60.512216567993164 ], [ -151.85638427734375, 60.489717483520508 ], [ -151.95556640625, 60.422769546508789 ] ] ], [ [ [ -146.2469482421875, 60.454996109008789 ], [ -146.320556640625, 60.494157791137695 ], [ -145.749725341796875, 60.59471321105957 ], [ -146.2469482421875, 60.454996109008789 ] ] ], [ [ [ -147.372772216796875, 60.661661148071289 ], [ -147.475555419921875, 60.688882827758789 ], [ -147.31390380859375, 60.677492141723633 ], [ -147.372772216796875, 60.661661148071289 ] ] ], [ [ [ -147.925567626953125, 60.662210464477539 ], [ -148.004180908203125, 60.726938247680664 ], [ -147.846099853515625, 60.69999885559082 ], [ -147.925567626953125, 60.662210464477539 ] ] ], [ [ [ -148.140838623046875, 60.642221450805664 ], [ -148.21417236328125, 60.75444221496582 ], [ -148.108612060546875, 60.736383438110352 ], [ -148.140838623046875, 60.642221450805664 ] ] ], [ [ [ -164.988311767578125, 60.82249641418457 ], [ -165.01751708984375, 60.87443733215332 ], [ -164.903623580932617, 60.853609085083008 ], [ -164.988311767578125, 60.82249641418457 ] ] ], [ [ [ -146.75335693359375, 60.807214736938477 ], [ -146.831939697265625, 60.836381912231445 ], [ -146.744140625, 60.881380081176758 ], [ -146.75335693359375, 60.807214736938477 ] ] ], [ [ [ -147.150848388671875, 60.86027717590332 ], [ -147.317779541015625, 60.884164810180664 ], [ -147.075286865234375, 60.899164199829102 ], [ -147.150848388671875, 60.86027717590332 ] ] ], [ [ [ -147.92889404296875, 60.806940078735352 ], [ -148.133056640625, 60.799722671508789 ], [ -148.106658935546875, 60.912492752075195 ], [ -147.92889404296875, 60.806940078735352 ] ] ], [ [ [ -170.31890869140625, 63.254716873168945 ], [ -170.31585693359375, 63.253877639770508 ], [ -170.296112060546875, 63.238046646118164 ], [ -170.31890869140625, 63.254716873168945 ] ] ], [ [ [ -170.31890869140625, 63.254716873168945 ], [ -170.362213134765625, 63.282495498657227 ], [ -170.341888427734375, 63.271127700805664 ], [ -170.31890869140625, 63.254716873168945 ] ] ], [ [ [ -170.466766357421875, 63.334184646606445 ], [ -170.403900146484375, 63.304437637329102 ], [ -170.48583984375, 63.341104507446289 ], [ -170.466766357421875, 63.334184646606445 ] ] ], [ [ [ -170.54364013671875, 63.359712600708008 ], [ -170.490264892578125, 63.341928482055664 ], [ -170.5511474609375, 63.360551834106445 ], [ -170.54364013671875, 63.359712600708008 ] ] ], [ [ [ -170.595001220703125, 63.37193489074707 ], [ -170.58197021484375, 63.368051528930664 ], [ -170.863250732421875, 63.418512344360352 ], [ -170.595001220703125, 63.37193489074707 ] ] ], [ [ [ -162.377471923828125, 63.544443130493164 ], [ -162.70361328125, 63.571664810180664 ], [ -162.4202880859375, 63.63749885559082 ], [ -162.377471923828125, 63.544443130493164 ] ] ], [ [ [ -171.465576171875, 63.606660842895508 ], [ -170.300018310546875, 63.694154739379883 ], [ -168.70086669921875, 63.290544509887695 ], [ -169.6661376953125, 62.943315505981445 ], [ -170.518890380859375, 63.37803840637207 ], [ -170.856689453125, 63.461938858032227 ], [ -171.46112060546875, 63.314714431762695 ], [ -171.850830078125, 63.508607864379883 ], [ -171.726959228515625, 63.792215347290039 ], [ -171.465576171875, 63.606660842895508 ] ] ], [ [ [ -166.6591796875, 66.10331916809082 ], [ -166.443603515625, 66.180818557739258 ], [ -166.169464111328125, 66.221376419067383 ], [ -166.6591796875, 66.10331916809082 ] ] ], [ [ [ -165.36444091796875, 66.42637825012207 ], [ -165.4708251953125, 66.414155960083008 ], [ -164.762237548828125, 66.53831672668457 ], [ -165.36444091796875, 66.42637825012207 ] ] ], [ [ [ -156.44696044921875, 71.263612747192383 ], [ -155.586944580078125, 71.16276741027832 ], [ -156.1824951171875, 70.91832160949707 ], [ -155.973602294921875, 70.755830764770508 ], [ -155.087493896484375, 71.151384353637695 ], [ -154.243865966796875, 70.779436111450195 ], [ -152.25250244140625, 70.835268020629883 ], [ -152.49859619140625, 70.649431228637695 ], [ -152.07611083984375, 70.57499885559082 ], [ -152.629425048828125, 70.55748176574707 ], [ -151.73248291015625, 70.557207107543945 ], [ -151.966094970703125, 70.44359016418457 ], [ -149.174713134765625, 70.490816116333008 ], [ -144.95220947265625, 69.968324661254883 ], [ -143.28057861328125, 70.118318557739258 ], [ -141.00299072265625, 69.642366409301758 ], [ -140.99554443359375, 60.307214736938477 ], [ -139.06805419921875, 60.35222053527832 ], [ -139.18890380859375, 60.088884353637695 ], [ -137.5908203125, 59.238603591918945 ], [ -137.478057861328125, 58.90721321105957 ], [ -135.473602294921875, 59.801935195922852 ], [ -133.42999267578125, 58.459161758422852 ], [ -131.82415771484375, 56.596940994262695 ], [ -130.01507568359375, 55.909181594848633 ], [ -130.174713134765625, 55.75444221496582 ], [ -129.99053955078125, 55.28166389465332 ], [ -130.686126708984375, 54.761941909790039 ], [ -131.008636474609375, 55.004167556762695 ], [ -130.461669921875, 55.327775955200195 ], [ -131.056121826171875, 55.122766494750977 ], [ -130.6138916015625, 55.296106338500977 ], [ -130.864166259765625, 55.308603286743164 ], [ -131.010284423828125, 56.106386184692383 ], [ -131.90057373046875, 55.85527229309082 ], [ -131.75250244140625, 55.807771682739258 ], [ -131.954986572265625, 55.501108169555664 ], [ -132.1602783203125, 55.578607559204102 ], [ -131.769744873046875, 56.196939468383789 ], [ -132.7913818359375, 57.088045120239258 ], [ -133.50836181640625, 57.193605422973633 ], [ -133.06304931640625, 57.348878860473633 ], [ -133.64056396484375, 57.696382522583008 ], [ -133.000579833984375, 57.51500129699707 ], [ -133.55694580078125, 57.902490615844727 ], [ -133.121368408203125, 57.857500076293945 ], [ -134.05499267578125, 58.071939468383789 ], [ -133.7691650390625, 58.518327713012695 ], [ -134.1541748046875, 58.197771072387695 ], [ -134.510009765625, 58.353883743286133 ], [ -134.76141357421875, 58.382211685180664 ], [ -135.33526611328125, 59.468324661254883 ], [ -135.304718017578125, 59.08360481262207 ], [ -135.550567626953125, 59.228876113891602 ], [ -135.085540771484375, 58.233049392700195 ], [ -135.915557861328125, 58.383050918579102 ], [ -136.068328857421875, 58.817773818969727 ], [ -135.76947021484375, 58.900270462036133 ], [ -136.1622314453125, 59.033609390258789 ], [ -136.234710693359375, 58.750833511352539 ], [ -137.056671142578125, 59.068605422973633 ], [ -137.12554931640625, 58.821939468383789 ], [ -136.5736083984375, 58.838602066040039 ], [ -136.027496337890625, 58.387216567993164 ], [ -136.6541748046875, 58.215272903442383 ], [ -138.443603515625, 59.191659927368164 ], [ -139.710540771484375, 59.495828628540039 ], [ -139.493865966796875, 59.982210159301758 ], [ -139.285552978515625, 59.571382522583008 ], [ -138.892791748046875, 59.806657791137695 ], [ -139.5, 60.033052444458008 ], [ -140.403350830078125, 59.69804573059082 ], [ -141.37664794921875, 59.866388320922852 ], [ -141.390838623046875, 60.138605117797852 ], [ -143.92333984375, 59.994157791137695 ], [ -144.9364013671875, 60.301660537719727 ], [ -144.61138916015625, 60.715547561645508 ], [ -145.294158935546875, 60.350275039672852 ], [ -145.85943603515625, 60.491662979125977 ], [ -145.625823974609375, 60.671937942504883 ], [ -146.261138916015625, 60.648050308227539 ], [ -146.04083251953125, 60.798608779907227 ], [ -146.653350830078125, 60.699716567993164 ], [ -146.1241455078125, 60.843324661254883 ], [ -146.756683349609375, 60.955270767211914 ], [ -146.30084228515625, 61.130823135375977 ], [ -147.366943359375, 60.887773513793945 ], [ -147.546661376953125, 61.154436111450195 ], [ -147.865264892578125, 60.832498550415039 ], [ -148.052215576171875, 60.949716567993164 ], [ -147.7197265625, 61.278047561645508 ], [ -148.699737548828125, 60.78972053527832 ], [ -148.197509765625, 60.626100540161133 ], [ -148.684173583984375, 60.448328018188477 ], [ -147.93695068359375, 60.462213516235352 ], [ -148.431121826171875, 60.192766189575195 ], [ -148.0977783203125, 60.207498550415039 ], [ -148.317779541015625, 60.168886184692383 ], [ -148.435821533203125, 59.948877334594727 ], [ -149.2861328125, 59.86888313293457 ], [ -149.416961669921875, 60.118326187133789 ], [ -149.525848388671875, 59.71666145324707 ], [ -149.73193359375, 59.960550308227539 ], [ -149.74359130859375, 59.658601760864258 ], [ -150.0341796875, 59.796388626098633 ], [ -149.91583251953125, 59.714715957641602 ], [ -150.013641357421875, 59.62748908996582 ], [ -150.34942626953125, 59.465547561645508 ], [ -150.213623046875, 59.71666145324707 ], [ -150.473602294921875, 59.464441299438477 ], [ -150.54168701171875, 59.59166145324707 ], [ -150.907501220703125, 59.243326187133789 ], [ -151.980560302734375, 59.280550003051758 ], [ -150.992767333984375, 59.777215957641602 ], [ -151.87664794921875, 59.753885269165039 ], [ -151.30389404296875, 60.385553359985352 ], [ -151.408905029296875, 60.727487564086914 ], [ -150.399169921875, 61.03721809387207 ], [ -149.028076171875, 60.847772598266602 ], [ -150.064178466796875, 61.154436111450195 ], [ -149.416961669921875, 61.508607864379883 ], [ -151.5836181640625, 60.976938247680664 ], [ -152.4302978515625, 60.288888931274414 ], [ -153.103057861328125, 60.289438247680664 ], [ -152.57720947265625, 60.064714431762695 ], [ -154.260833740234375, 59.142221450805664 ], [ -153.267791748046875, 58.848604202270508 ], [ -154.10333251953125, 58.481935501098633 ], [ -154.233612060546875, 58.131105422973633 ], [ -156.489990234375, 57.331110000610352 ], [ -156.548614501953125, 56.977487564086914 ], [ -158.423065185546875, 56.443880081176758 ], [ -158.649993896484375, 56.264444351196289 ], [ -158.12054443359375, 56.233606338500977 ], [ -158.505279541015625, 55.988885879516602 ], [ -158.601104736328125, 56.188043594360352 ], [ -159.667236328125, 55.577219009399414 ], [ -159.841094970703125, 55.851106643676758 ], [ -161.254180908203125, 55.346940994262695 ], [ -161.48553466796875, 55.481103897094727 ], [ -161.141693115234375, 55.538888931274414 ], [ -161.5625, 55.622766494750977 ], [ -161.9677734375, 55.101938247680664 ], [ -162.45416259765625, 55.038331985473633 ], [ -162.62664794921875, 55.299440383911133 ], [ -162.5625, 54.955270767211914 ], [ -163.1844482421875, 55.139719009399414 ], [ -163.044464111328125, 54.937494277954102 ], [ -163.360260009765625, 54.81193733215332 ], [ -163.258636474609375, 54.973321914672852 ], [ -163.32305908203125, 55.121660232543945 ], [ -161.79998779296875, 55.886659622192383 ], [ -160.249725341796875, 55.770547866821289 ], [ -160.57470703125, 55.986658096313477 ], [ -160.346954345703125, 56.285554885864258 ], [ -158.64056396484375, 56.761110305786133 ], [ -158.648895263671875, 57.053323745727539 ], [ -157.93804931640625, 57.491937637329102 ], [ -157.396665573120117, 57.490549087524414 ], [ -157.7066650390625, 57.643327713012695 ], [ -157.6099853515625, 58.089715957641602 ], [ -157.13861083984375, 58.162492752075195 ], [ -157.553619384765625, 58.38249397277832 ], [ -156.7791748046875, 59.151384353637695 ], [ -158.188323974609375, 58.606386184692383 ], [ -158.49249267578125, 58.99943733215332 ], [ -157.992767333984375, 58.904993057250977 ], [ -158.536956787109375, 59.175271987915039 ], [ -158.89752197265625, 58.395547866821289 ], [ -160.32666015625, 59.059717178344727 ], [ -162.17138671875, 58.649721145629883 ], [ -161.565826416015625, 59.103609085083008 ], [ -161.992218017578125, 59.144159317016602 ], [ -161.70526123046875, 59.496660232543945 ], [ -162.151397705078125, 60.245546340942383 ], [ -162.372222900390625, 60.176103591918945 ], [ -161.879425048828125, 60.702219009399414 ], [ -162.5694580078125, 60.316385269165039 ], [ -162.521665573120117, 59.992769241333008 ], [ -164.065277099609375, 59.824167251586914 ], [ -165.42529296875, 60.555269241333008 ], [ -164.665008544921875, 60.911661148071289 ], [ -164.26446533203125, 60.778879165649414 ], [ -164.429168701171875, 60.553323745727539 ], [ -163.957763671875, 60.780275344848633 ], [ -163.669464111328125, 60.587213516235352 ], [ -163.40972900390625, 60.756662368774414 ], [ -163.895614624023438, 60.85688591003418 ], [ -163.5513916015625, 60.903879165649414 ], [ -165.150299072265625, 60.928049087524414 ], [ -164.822235107421875, 61.111108779907227 ], [ -165.12054443359375, 61.083879470825195 ], [ -165.13861083984375, 61.256662368774414 ], [ -165.163726806640625, 61.170045852661133 ], [ -165.3699951171875, 61.200830459594727 ], [ -165.15057373046875, 61.416940689086914 ], [ -165.059677124023438, 61.416841506958008 ], [ -164.998428344726562, 61.469770431518555 ], [ -164.84527587890625, 61.494440078735352 ], [ -164.716094970703125, 61.625551223754883 ], [ -165.017242431640625, 61.500001907348633 ], [ -165.0755615234375, 61.432214736938477 ], [ -165.1611328125, 61.432497024536133 ], [ -165.287506103515625, 61.333879470825195 ], [ -165.407501220703125, 61.208330154418945 ], [ -165.34136962890625, 61.15721321105957 ], [ -165.386688232421875, 61.068605422973633 ], [ -166.197784423828125, 61.59471321105957 ], [ -165.247222900390625, 62.446100234985352 ], [ -164.63641357421875, 62.417497634887695 ], [ -164.852783203125, 62.570276260375977 ], [ -164.479154586791992, 62.745828628540039 ], [ -164.877777099609375, 62.835550308227539 ], [ -164.318328857421875, 63.00694465637207 ], [ -164.410552978515625, 63.211938858032227 ], [ -163.111663818359375, 63.051935195922852 ], [ -162.31195068359375, 63.541109085083008 ], [ -161.15167236328125, 63.51249885559082 ], [ -160.777496337890625, 63.868600845336914 ], [ -161.5291748046875, 64.41887092590332 ], [ -160.783905029296875, 64.721925735473633 ], [ -161.1824951171875, 64.93748664855957 ], [ -162.790283203125, 64.33610725402832 ], [ -163.170013427734375, 64.65526008605957 ], [ -163.17584228515625, 64.407487869262695 ], [ -166.121368408203125, 64.574708938598633 ], [ -166.961944580078125, 65.188875198364258 ], [ -166.05889892578125, 65.256105422973633 ], [ -168.131103515625, 65.665544509887695 ], [ -164.353607177734375, 66.59471321105957 ], [ -163.625, 66.567216873168945 ], [ -164.188323974609375, 66.19609260559082 ], [ -163.656402587890625, 66.07054328918457 ], [ -161.00335693359375, 66.204164505004883 ], [ -161.910003662109375, 66.274431228637695 ], [ -161.9061279296875, 66.53526496887207 ], [ -162.636138916015625, 66.868867874145508 ], [ -162.336944580078125, 66.958330154418945 ], [ -161.600555419921875, 66.447755813598633 ], [ -160.230560302734375, 66.399721145629883 ], [ -160.264190673828125, 66.647493362426758 ], [ -161.506683349609375, 66.533876419067383 ], [ -161.897796630859375, 66.72831916809082 ], [ -161.501129150390625, 66.979158401489258 ], [ -162.46112060546875, 66.99247932434082 ], [ -162.350555419921875, 67.161378860473633 ], [ -163.73248291015625, 67.113603591918945 ], [ -164.1241455078125, 67.609987258911133 ], [ -166.827789306640625, 68.35081672668457 ], [ -166.372604370117188, 68.416765213012695 ], [ -166.2158203125, 68.88304328918457 ], [ -163.645294189453125, 69.106935501098633 ], [ -161.942230224609375, 70.307207107543945 ], [ -162.118865966796875, 70.15165901184082 ], [ -159.9375, 70.593324661254883 ], [ -160.1986083984375, 70.471651077270508 ], [ -159.83612060546875, 70.268327713012695 ], [ -159.285552978515625, 70.530550003051758 ], [ -160.124420166015625, 70.615266799926758 ], [ -159.668060302734375, 70.798036575317383 ], [ -157.97943115234375, 70.837495803833008 ], [ -156.44696044921875, 71.263612747192383 ] ], [ [ -135.554168701171875, 58.329996109008789 ], [ -135.625274658203125, 58.383050918579102 ], [ -135.726104736328125, 58.359437942504883 ], [ -135.554168701171875, 58.329996109008789 ] ] ] ] } },
{ "type": "Feature", "properties": { "fid": 238, "FIPS": "RB", "ISO2": "RS", "ISO3": "SRB", "UN": 688, "NAME": "Serbia", "AREA": 0, "POP2005": 9863026, "REGION": "Europe", "SUBREGION": "Southern Europe", "LON": 20.806, "LAT": 44.032, "New South Wales_V2022": null, "Northern Territory_V2022": null, "Queensland_V2022": null, "Republic Of Serbia_V2022": " [2001-2021](https://scholar.colorado.edu/concern/datasets/7h149r07z)", "Somalia_V2022": null, "Somaliland_V2022": null, "South Australia_V2022": null, "Tasmania_V2022": null, "Usa Alaska_V2022": null, "Usa Hawaii_V2022": null, "Usa Lower48_V2022": null, "Victoria_V2022": null, "Western Australia_V2022": null, "Australia_V2024S1T5": null, "Cyprus_V2024S1T5": null, "Kosovo_V2024S1T5": " [Nov 2000 - July  2024](https://scholar.colorado.edu/concern/datasets/f1881n864)", "New South Wales_V2024S1T5": null, "Northern Cyprus_V2024S1T5": null, "Northern Territory_V2024S1T5": null, "Queensland_V2024S1T5": null, "Republic Of Serbia_V2024S1T5": " [November 2000 - July 2024](https://scholar.colorado.edu/concern/datasets/5h73pz01v)", "Somalia_V2024S1T5": null, "Somaliland_V2024S1T5": null, "South Australia_V2024S1T5": null, "Tasmania_V2024S1T5": null, "Usa Alaska_V2024S1T5": null, "Usa Hawaii_V2024S1T5": null, "Usa Lower48_V2024S1T5": null, "Victoria_V2024S1T5": null, "Western Australia_V2024S1T5": null, "Ashmore and Cartier Islands_f_file_name": null, "Australia_f_file_name": null, "Cyprus_f_file_name": null, "Indian Ocean Territories_f_file_name": null, "Kosovo_f_file_name": "kosovo_s5t11", "Northern Cyprus_f_file_name": null, "Republic Of Serbia_f_file_name": "republic_of_serbia_s5t11", "Somalia_f_file_name": null, "Somaliland_f_file_name": null, "Usa Alaska_f_file_name": null, "Usa Hawaii_f_file_name": null, "Usa Lower48_f_file_name": null }, "geometry": { "type": "MultiPolygon", "coordinates": [ [ [ [ 20.071423, 42.560913 ], [ 20.348888, 42.886383 ], [ 19.228809, 43.513214 ], [ 19.51083, 43.679718 ], [ 19.237019, 44.011009 ], [ 19.620476, 44.048454 ], [ 19.104443, 44.355827 ], [ 19.371387, 44.88916 ], [ 19.039719, 44.861382 ], [ 19.423885, 45.22583 ], [ 18.980324000000138, 45.378624 ], [ 18.81702, 45.912964 ], [ 20.261024, 46.114853 ], [ 21.513611, 45.151108 ], [ 21.400398, 44.780823 ], [ 22.146385, 44.479164 ], [ 22.479164, 44.710274 ], [ 22.764893, 44.559006 ], [ 22.457333, 44.474358 ], [ 22.681435, 44.224701 ], [ 22.367222, 43.826942 ], [ 23.004997, 43.192772 ], [ 22.442219, 42.821663 ], [ 22.365276, 42.323883 ], [ 20.589642, 41.882187 ], [ 20.071423, 42.560913 ] ] ] ] } }
]
}
